# measure_km
# columns: t_ms,duty,phiA,phiB
# phiA/phiB are wheel angles in rad (gear ratio included)
# put the robot on a stand: both wheels must spin freely
# no MsTimer2: every timer is left free so D3/D11 can PWM
# starting in 3 s
# BEGIN
0,0.000,0.0000,0.0000
10,0.000,0.0000,0.0000
21,0.000,0.0000,0.0000
30,0.000,0.0000,0.0000
40,0.000,0.0000,0.0000
50,0.000,0.0000,0.0000
61,0.000,0.0000,0.0000
70,0.000,0.0000,0.0000
80,0.000,0.0000,0.0000
90,0.000,0.0000,0.0000
101,0.000,0.0000,0.0000
110,0.000,0.0000,0.0000
120,0.000,0.0000,0.0000
130,0.000,0.0000,0.0000
140,0.000,0.0000,0.0000
150,0.000,0.0000,0.0000
160,0.000,0.0000,0.0000
170,0.000,0.0000,0.0000
180,0.000,0.0000,0.0000
190,0.000,0.0000,0.0000
200,0.000,0.0000,0.0000
210,0.000,0.0000,0.0000
220,0.000,0.0000,0.0000
231,0.000,0.0000,0.0000
240,0.000,0.0000,0.0000
250,0.000,0.0000,0.0000
260,0.000,0.0000,0.0000
270,0.000,0.0000,0.0000
280,0.000,0.0000,0.0000
290,0.000,0.0000,0.0000
300,0.000,0.0000,0.0000
310,0.000,0.0000,0.0000
321,0.000,0.0000,0.0000
330,0.000,0.0000,0.0000
340,0.000,0.0000,0.0000
350,0.000,0.0000,0.0000
361,0.000,0.0000,0.0000
370,0.000,0.0000,0.0000
380,0.000,0.0000,0.0000
390,0.000,0.0000,0.0000
401,0.000,0.0000,0.0000
410,0.000,0.0000,0.0000
420,0.000,0.0000,0.0000
430,0.000,0.0000,0.0000
440,0.000,0.0000,0.0000
450,0.000,0.0000,0.0000
460,0.000,0.0000,0.0000
470,0.000,0.0000,0.0000
480,0.000,0.0000,0.0000
491,0.000,0.0000,0.0000
500,0.000,0.0000,0.0000
510,0.000,0.0000,0.0000
520,0.000,0.0000,0.0000
531,0.000,0.0000,0.0000
540,0.000,0.0000,0.0000
550,0.000,0.0000,0.0000
560,0.000,0.0000,0.0000
571,0.000,0.0000,0.0000
580,0.000,0.0000,0.0000
590,0.000,0.0000,0.0000
600,0.000,0.0000,0.0000
610,0.000,0.0000,0.0000
620,0.000,0.0000,0.0000
630,0.000,0.0000,0.0000
640,0.000,0.0000,0.0000
650,0.000,0.0000,0.0000
660,0.000,0.0000,0.0000
670,0.000,0.0000,0.0000
680,0.000,0.0000,0.0000
690,0.000,0.0000,0.0000
701,0.000,0.0000,0.0000
710,0.000,0.0000,0.0000
720,0.000,0.0000,0.0000
730,0.000,0.0000,0.0000
741,0.000,0.0000,0.0000
750,0.000,0.0000,0.0000
760,0.000,0.0000,0.0000
770,0.000,0.0000,0.0000
780,0.000,0.0000,0.0000
790,0.000,0.0000,0.0000
800,0.000,0.0000,0.0000
810,0.000,0.0000,0.0000
820,0.000,0.0000,0.0000
830,0.000,0.0000,0.0000
840,0.000,0.0000,0.0000
850,0.000,0.0000,0.0000
860,0.000,0.0000,0.0000
871,0.000,0.0000,0.0000
880,0.000,0.0000,0.0000
890,0.000,0.0000,0.0000
900,0.000,0.0000,0.0000
910,0.000,0.0000,0.0000
920,0.000,0.0000,0.0000
930,0.000,0.0000,0.0000
940,0.000,0.0000,0.0000
950,0.000,0.0000,0.0000
960,0.000,0.0000,0.0000
970,0.000,0.0000,0.0000
980,0.000,0.0000,0.0000
990,0.000,0.0000,0.0000
1001,0.100,0.0000,0.0000
1010,0.100,0.0000,0.0000
1020,0.100,0.0000,0.0000
1030,0.100,0.0000,0.0000
1041,0.100,0.0000,0.0000
1050,0.100,0.0000,0.0000
1060,0.100,0.0000,0.0000
1070,0.100,0.0000,0.0000
1080,0.100,0.0000,0.0000
1090,0.100,0.0000,0.0000
1100,0.100,0.0000,0.0000
1110,0.100,0.0000,0.0000
1120,0.100,0.0000,0.0000
1130,0.100,0.0000,0.0000
1140,0.100,0.0000,0.0000
1150,0.100,0.0000,0.0000
1160,0.100,0.0000,0.0000
1171,0.100,0.0000,0.0000
1180,0.100,0.0000,0.0000
1190,0.100,0.0000,0.0000
1200,0.100,0.0000,0.0000
1211,0.100,0.0000,0.0000
1220,0.100,0.0000,0.0000
1230,0.100,0.0000,0.0000
1240,0.100,0.0000,0.0000
1250,0.100,0.0000,0.0000
1260,0.100,0.0000,0.0000
1270,0.100,0.0000,0.0000
1280,0.100,0.0000,0.0000
1290,0.100,0.0000,0.0000
1301,0.100,0.0000,0.0000
1310,0.100,0.0000,0.0000
1320,0.100,0.0000,0.0000
1330,0.100,0.0000,0.0000
1341,0.100,0.0000,0.0000
1350,0.100,0.0000,0.0000
1360,0.100,0.0000,0.0000
1370,0.100,0.0000,0.0000
1381,0.100,0.0000,0.0000
1390,0.100,0.0000,0.0000
1400,0.100,0.0000,0.0000
1410,0.100,0.0000,0.0000
1420,0.100,0.0000,0.0000
1430,0.100,0.0000,0.0000
1440,0.100,0.0000,0.0000
1450,0.100,0.0000,0.0000
1460,0.100,0.0000,0.0000
1471,0.100,0.0000,0.0000
1480,0.100,0.0000,0.0000
1490,0.100,0.0000,0.0000
1500,0.100,0.0000,0.0000
1511,0.100,0.0000,0.0000
1520,0.100,0.0000,0.0000
1530,0.100,0.0000,0.0000
1540,0.100,0.0000,0.0000
1550,0.100,0.0000,0.0000
1560,0.100,0.0000,0.0000
1570,0.100,0.0000,0.0000
1580,0.100,0.0000,0.0000
1590,0.100,0.0000,0.0000
1600,0.100,0.0000,0.0000
1610,0.100,0.0000,0.0000
1620,0.100,0.0000,0.0000
1630,0.100,0.0000,0.0000
1641,0.100,0.0000,0.0000
1650,0.100,0.0000,0.0000
1660,0.100,0.0000,0.0000
1670,0.100,0.0000,0.0000
1681,0.100,0.0000,0.0000
1690,0.100,0.0000,0.0000
1700,0.100,0.0000,0.0000
1710,0.100,0.0000,0.0000
1720,0.100,0.0000,0.0000
1730,0.100,0.0000,0.0000
1740,0.100,0.0000,0.0000
1750,0.100,0.0000,0.0000
1760,0.100,0.0000,0.0000
1770,0.100,0.0000,0.0000
1780,0.100,0.0000,0.0000
1790,0.100,0.0000,0.0000
1800,0.100,0.0000,0.0000
1811,0.100,0.0000,0.0000
1820,0.100,0.0000,0.0000
1830,0.100,0.0000,0.0000
1840,0.100,0.0000,0.0000
1851,0.100,0.0000,0.0000
1860,0.100,0.0000,0.0000
1870,0.100,0.0000,0.0000
1880,0.100,0.0000,0.0000
1890,0.100,0.0000,0.0000
1900,0.100,0.0000,0.0000
1910,0.100,0.0000,0.0000
1920,0.100,0.0000,0.0000
1930,0.100,0.0000,0.0000
1940,0.100,0.0000,0.0000
1950,0.100,0.0000,0.0000
1960,0.100,0.0000,0.0000
1970,0.100,0.0000,0.0000
1981,0.100,0.0000,0.0000
1990,0.100,0.0000,0.0000
2000,0.100,0.0000,0.0000
2010,0.100,0.0000,0.0000
2021,0.100,0.0000,0.0000
2030,0.100,0.0000,0.0000
2040,0.100,0.0000,0.0000
2050,0.100,0.0000,0.0000
2060,0.100,0.0000,0.0000
2071,0.100,0.0000,0.0000
2080,0.100,0.0000,0.0000
2090,0.100,0.0000,0.0000
2100,0.100,0.0000,0.0000
2111,0.100,0.0000,0.0000
2120,0.100,0.0000,0.0000
2130,0.100,0.0000,0.0000
2140,0.100,0.0000,0.0000
2151,0.100,0.0000,0.0000
2160,0.100,0.0000,0.0000
2170,0.100,0.0000,0.0000
2180,0.100,0.0000,0.0000
2190,0.100,0.0000,0.0000
2200,0.100,0.0000,0.0000
2210,0.100,0.0000,0.0000
2220,0.100,0.0000,0.0000
2230,0.100,0.0000,0.0000
2241,0.100,0.0000,0.0000
2250,0.100,0.0000,0.0000
2260,0.100,0.0000,0.0000
2270,0.100,0.0000,0.0000
2281,0.100,0.0000,0.0000
2290,0.100,0.0000,0.0000
2300,0.100,0.0000,0.0000
2310,0.100,0.0000,0.0000
2321,0.100,0.0000,0.0000
2330,0.100,0.0000,0.0000
2340,0.100,0.0000,0.0000
2350,0.100,0.0000,0.0000
2360,0.100,0.0000,0.0000
2370,0.100,0.0000,0.0000
2380,0.100,0.0000,0.0000
2390,0.100,0.0000,0.0000
2400,0.100,0.0000,0.0000
2411,0.100,0.0000,0.0000
2420,0.100,0.0000,0.0000
2430,0.100,0.0000,0.0000
2440,0.100,0.0000,0.0000
2451,0.100,0.0000,0.0000
2460,0.100,0.0000,0.0000
2470,0.100,0.0000,0.0000
2480,0.100,0.0000,0.0000
2491,0.100,0.0000,0.0000
2500,0.200,0.0000,0.0000
2510,0.200,0.0000,0.0000
2520,0.200,0.0000,0.0000
2530,0.200,0.0000,0.0000
2540,0.200,0.0000,0.0000
2550,0.200,0.0000,0.0000
2560,0.200,0.0000,0.0000
2570,0.200,0.0000,0.0000
2581,0.200,0.0000,0.0000
2590,0.200,0.0000,0.0000
2600,0.200,0.0000,0.0000
2610,0.200,0.0000,0.0000
2621,0.200,0.0000,0.0000
2630,0.200,0.0000,0.0000
2640,0.200,0.0000,0.0000
2650,0.200,0.0000,0.0000
2661,0.200,0.0000,0.0000
2670,0.200,0.0000,0.0000
2680,0.200,0.0000,0.0000
2690,0.200,0.0000,0.0000
2700,0.200,0.0000,0.0000
2710,0.200,0.0000,0.0000
2720,0.200,0.0000,0.0000
2730,0.200,0.0000,0.0000
2740,0.200,0.0000,0.0000
2750,0.200,0.0000,0.0000
2760,0.200,0.0000,0.0000
2770,0.200,0.0000,0.0000
2780,0.200,0.0000,0.0000
2791,0.200,0.0000,0.0000
2800,0.200,0.0000,0.0000
2810,0.200,0.0000,0.0000
2820,0.200,0.0000,0.0000
2830,0.200,0.0000,0.0000
2840,0.200,0.0000,0.0000
2850,0.200,0.0000,0.0000
2860,0.200,0.0000,0.0000
2870,0.200,0.0000,0.0000
2880,0.200,0.0000,0.0000
2890,0.200,0.0000,0.0000
2900,0.200,0.0000,0.0000
2910,0.200,0.0000,0.0000
2921,0.200,0.0000,0.0000
2930,0.200,0.0000,0.0000
2940,0.200,0.0000,0.0000
2950,0.200,0.0000,0.0000
2961,0.200,0.0000,0.0000
2970,0.200,0.0000,0.0000
2980,0.200,0.0000,0.0000
2990,0.200,0.0000,0.0000
3000,0.200,0.0000,0.0000
3010,0.200,0.0000,0.0000
3020,0.200,0.0000,0.0000
3030,0.200,0.0000,0.0000
3040,0.200,0.0000,0.0000
3050,0.200,0.0000,0.0000
3060,0.200,0.0000,0.0000
3070,0.200,0.0000,0.0000
3080,0.200,0.0000,0.0000
3091,0.200,0.0000,0.0000
3100,0.200,0.0000,0.0000
3110,0.200,0.0000,0.0000
3120,0.200,0.0000,0.0000
3131,0.200,0.0000,0.0000
3140,0.200,0.0000,0.0000
3150,0.200,0.0000,0.0000
3160,0.200,0.0000,0.0000
3170,0.200,0.0000,0.0000
3180,0.200,0.0000,0.0000
3190,0.200,0.0000,0.0000
3200,0.200,0.0000,0.0000
3210,0.200,0.0000,0.0000
3221,0.200,0.0000,0.0000
3230,0.200,0.0000,0.0000
3240,0.200,0.0000,0.0000
3250,0.200,0.0000,0.0000
3261,0.200,0.0000,0.0000
3270,0.200,0.0000,0.0000
3280,0.200,0.0000,0.0000
3290,0.200,0.0000,0.0000
3301,0.200,0.0000,0.0000
3310,0.200,0.0000,0.0000
3320,0.200,0.0000,0.0000
3330,0.200,0.0000,0.0000
3340,0.200,0.0000,0.0000
3351,0.200,0.0000,0.0000
3360,0.200,0.0000,0.0000
3370,0.200,0.0000,0.0000
3380,0.200,0.0000,0.0000
3391,0.200,0.0000,0.0000
3400,0.200,0.0000,0.0000
3410,0.200,0.0000,0.0000
3420,0.200,0.0000,0.0000
3431,0.200,0.0000,0.0000
3440,0.200,0.0000,0.0000
3450,0.200,0.0000,0.0000
3460,0.200,0.0000,0.0000
3470,0.200,0.0000,0.0000
3480,0.200,0.0000,0.0000
3490,0.200,0.0000,0.0000
3500,0.200,0.0000,0.0000
3510,0.200,0.0000,0.0000
3520,0.200,0.0000,0.0000
3530,0.200,0.0000,0.0000
3540,0.200,0.0000,0.0000
3550,0.200,0.0000,0.0000
3561,0.200,0.0000,0.0000
3570,0.200,0.0000,0.0000
3580,0.200,0.0000,0.0000
3590,0.200,0.0000,0.0000
3601,0.200,0.0000,0.0000
3610,0.200,0.0000,0.0000
3620,0.200,0.0000,0.0000
3630,0.200,0.0000,0.0000
3640,0.200,0.0000,0.0000
3650,0.200,0.0000,0.0000
3660,0.200,0.0000,0.0000
3670,0.200,0.0000,0.0000
3680,0.200,0.0000,0.0000
3691,0.200,0.0000,0.0000
3700,0.200,0.0000,0.0000
3710,0.200,0.0000,0.0000
3720,0.200,0.0000,0.0000
3731,0.200,0.0000,0.0000
3740,0.200,0.0000,0.0000
3750,0.200,0.0000,0.0000
3760,0.200,0.0000,0.0000
3771,0.200,0.0000,0.0000
3780,0.200,0.0000,0.0000
3790,0.200,0.0000,0.0000
3800,0.200,0.0000,0.0000
3810,0.200,0.0000,0.0000
3820,0.200,0.0000,0.0000
3830,0.200,0.0000,0.0000
3840,0.200,0.0000,0.0000
3850,0.200,0.0000,0.0000
3860,0.200,0.0000,0.0000
3870,0.200,0.0000,0.0000
3880,0.200,0.0000,0.0000
3890,0.200,0.0000,0.0000
3901,0.200,0.0000,0.0000
3910,0.200,0.0000,0.0000
3920,0.200,0.0000,0.0000
3930,0.200,0.0000,0.0000
3941,0.200,0.0000,0.0000
3950,0.200,0.0000,0.0000
3960,0.200,0.0000,0.0000
3970,0.200,0.0000,0.0000
3980,0.200,0.0000,0.0000
3990,0.200,0.0000,0.0000
4000,0.300,0.0000,0.0000
4010,0.300,0.0000,0.0000
4020,0.300,0.0000,0.0000
4031,0.300,0.0000,0.0000
4040,0.300,0.0000,0.0000
4050,0.300,0.0000,0.0000
4060,0.300,0.0000,0.0000
4071,0.300,0.0000,0.0000
4080,0.300,0.0000,0.0000
4090,0.300,0.0000,0.0000
4100,0.300,0.0000,0.0000
4110,0.300,0.0000,0.0000
4120,0.300,0.0000,0.0000
4130,0.300,0.0000,0.0000
4140,0.300,0.0000,0.0000
4150,0.300,0.0000,0.0000
4160,0.300,0.0000,0.0000
4170,0.300,0.0000,0.0000
4180,0.300,0.0000,0.0000
4190,0.300,0.0000,0.0000
4201,0.300,0.0000,0.0000
4210,0.300,0.0000,0.0000
4220,0.300,0.0000,0.0000
4230,0.300,0.0000,0.0000
4241,0.300,0.0000,0.0000
4250,0.300,0.0000,0.0000
4260,0.300,0.0000,0.0000
4270,0.300,0.0000,0.0000
4280,0.300,0.0000,0.0000
4290,0.300,0.0000,0.0000
4300,0.300,0.0000,0.0000
4310,0.300,0.0000,0.0000
4320,0.300,0.0000,0.0000
4331,0.300,0.0000,0.0000
4340,0.300,0.0000,0.0000
4350,0.300,0.0000,0.0000
4360,0.300,0.0000,0.0000
4371,0.300,0.0000,0.0000
4380,0.300,0.0000,0.0000
4390,0.300,0.0000,0.0000
4400,0.300,0.0000,0.0000
4411,0.300,0.0000,0.0000
4420,0.300,0.0000,0.0000
4430,0.300,0.0000,0.0000
4440,0.300,0.0000,0.0000
4450,0.300,0.0000,0.0000
4460,0.300,0.0000,0.0000
4470,0.300,0.0000,0.0000
4480,0.300,0.0000,0.0000
4490,0.300,0.0000,0.0000
4500,0.300,0.0000,0.0000
4510,0.300,0.0000,0.0000
4520,0.300,0.0000,0.0000
4530,0.300,0.0000,0.0000
4541,0.300,0.0000,0.0000
4550,0.300,0.0000,0.0000
4560,0.300,0.0000,0.0000
4570,0.300,0.0000,0.0000
4581,0.300,0.0000,0.0000
4590,0.300,0.0000,0.0000
4600,0.300,0.0000,0.0000
4610,0.300,0.0000,0.0000
4620,0.300,0.1870,0.0000
4630,0.300,0.1870,0.0000
4640,0.300,0.1870,0.0000
4650,0.300,0.1870,0.0000
4660,0.300,0.1870,0.0000
4671,0.300,0.1870,0.0000
4680,0.300,0.1870,0.0000
4690,0.300,0.1870,0.0000
4700,0.300,0.1870,0.0000
4711,0.300,0.3740,0.0000
4720,0.300,0.3740,0.0000
4730,0.300,0.3740,0.0000
4740,0.300,0.3740,0.0000
4750,0.300,0.3740,0.0000
4760,0.300,0.5610,0.0000
4770,0.300,0.5610,0.0000
4780,0.300,0.5610,0.0000
4790,0.300,0.7480,0.0000
4801,0.300,0.7480,0.0000
4810,0.300,0.7480,0.0000
4820,0.300,0.7480,0.0000
4830,0.300,0.9350,0.0000
4841,0.300,0.9350,0.0000
4850,0.300,0.9350,0.0000
4860,0.300,0.9350,0.0000
4870,0.300,0.9350,0.0000
4881,0.300,1.1220,0.0000
4890,0.300,1.1220,0.0000
4900,0.300,1.3090,0.0000
4910,0.300,1.3090,0.0000
4920,0.300,1.3090,0.0000
4930,0.300,1.4960,0.0000
4940,0.300,1.4960,0.0000
4950,0.300,1.6830,0.0000
4960,0.300,1.6830,0.0000
4970,0.300,1.6830,0.0000
4980,0.300,1.6830,0.0000
4990,0.300,1.8700,0.0000
5000,0.300,1.8700,0.0000
5011,0.300,2.0570,0.0000
5020,0.300,2.0570,0.0000
5030,0.300,2.0570,0.0000
5040,0.300,2.2440,0.0000
5051,0.300,2.4310,0.0000
5060,0.300,2.4310,0.0000
5070,0.300,2.4310,0.0000
5080,0.300,2.4310,0.0000
5090,0.300,2.6180,0.0000
5101,0.300,2.8050,0.0000
5110,0.300,2.8050,0.0000
5120,0.300,2.8050,0.0000
5130,0.300,2.9920,0.0000
5141,0.300,3.1790,0.0000
5150,0.300,3.1790,0.0000
5160,0.300,3.1790,0.0000
5170,0.300,3.3660,0.0000
5181,0.300,3.5530,0.0000
5190,0.300,3.5530,0.0000
5200,0.300,3.5530,0.0000
5210,0.300,3.7400,0.0000
5221,0.300,3.9270,0.0000
5230,0.300,3.9270,0.0000
5240,0.300,3.9270,0.0000
5250,0.300,3.9270,0.0000
5260,0.300,4.1140,0.0000
5270,0.300,4.3010,0.0000
5280,0.300,4.3010,0.0000
5290,0.300,4.4880,0.0000
5300,0.300,4.6750,0.0000
5311,0.300,4.6750,0.0000
5320,0.300,4.6750,0.0000
5330,0.300,4.8620,0.0000
5340,0.300,5.0490,0.0000
5351,0.300,5.0490,0.0000
5360,0.300,5.2360,0.0000
5370,0.300,5.4230,0.0000
5380,0.300,5.4230,0.0000
5390,0.300,5.4230,0.0000
5401,0.300,5.6100,0.0000
5410,0.300,5.7970,0.0000
5420,0.300,5.7970,0.0000
5430,0.300,5.9840,0.0000
5440,0.300,5.9840,0.0000
5450,0.300,6.1710,0.0000
5460,0.300,6.1710,0.0000
5470,0.300,6.3580,0.0000
5481,0.300,6.5450,0.0000
5490,0.300,6.5450,0.0000
5500,0.400,6.7320,0.0000
5510,0.400,6.7320,0.0000
5521,0.400,6.9190,0.0000
5530,0.400,6.9190,0.0000
5540,0.400,7.1060,0.0000
5550,0.400,7.2930,0.0000
5560,0.400,7.4800,0.0000
5570,0.400,7.4800,0.0000
5580,0.400,7.6670,0.0000
5590,0.400,7.6670,0.0000
5600,0.400,7.8540,0.0000
5610,0.400,8.0410,0.0000
5620,0.400,8.2280,0.0000
5630,0.400,8.4150,0.0000
5640,0.400,8.4150,0.0000
5651,0.400,8.6020,0.0000
5660,0.400,8.7890,0.0000
5670,0.400,8.9760,0.0000
5680,0.400,9.1630,0.0000
5691,0.400,9.1630,0.0000
5700,0.400,9.3500,0.0000
5710,0.400,9.5370,0.0000
5720,0.400,9.7240,0.0000
5730,0.400,9.9110,0.0000
5741,0.400,9.9110,0.0000
5750,0.400,10.0980,0.0000
5760,0.400,10.2850,0.0000
5770,0.400,10.4720,0.0000
5781,0.400,10.6590,0.0000
5790,0.400,10.8460,0.0000
5800,0.400,11.0330,0.0000
5810,0.400,11.2200,0.0000
5821,0.400,11.4070,0.0000
5830,0.400,11.4070,0.0000
5840,0.400,11.7810,0.0000
5850,0.400,11.9680,0.0000
5861,0.400,12.1550,0.0000
5870,0.400,12.1550,0.0000
5880,0.400,12.5290,0.0000
5890,0.400,12.5290,0.0000
5900,0.400,12.9030,0.0000
5910,0.400,12.9030,0.0000
5920,0.400,13.2770,0.0000
5930,0.400,13.2770,0.0000
5940,0.400,13.6510,0.0000
5951,0.400,13.8380,0.0000
5960,0.400,14.0250,0.0000
5970,0.400,14.2120,0.0000
5980,0.400,14.3990,0.0000
5991,0.400,14.5860,0.0000
6000,0.400,14.7730,0.2182
6010,0.400,15.1470,0.2182
6020,0.400,15.1470,0.2182
6030,0.400,15.5210,0.2182
6040,0.400,15.7080,0.2182
6050,0.400,15.8950,0.2182
6060,0.400,16.0820,0.4363
6070,0.400,16.2690,0.4363
6080,0.400,16.4560,0.4363
6090,0.400,16.6430,0.6545
6100,0.400,16.8300,0.6545
6110,0.400,17.0170,0.6545
6121,0.400,17.3910,0.6545
6130,0.400,17.3910,0.6545
6140,0.400,17.7650,0.8727
6150,0.400,17.9520,0.8727
6161,0.400,18.1390,1.0908
6170,0.400,18.3260,1.0908
6180,0.400,18.5130,1.0908
6190,0.400,18.7000,1.3090
6200,0.400,18.8870,1.3090
6210,0.400,19.0740,1.5272
6220,0.400,19.4480,1.5272
6230,0.400,19.6350,1.5272
6240,0.400,19.8220,1.5272
6251,0.400,20.0090,1.7453
6260,0.400,20.3830,1.9635
6270,0.400,20.5700,1.9635
6280,0.400,20.7569,1.9635
6291,0.400,21.1310,2.1817
6300,0.400,21.1310,2.3998
6310,0.400,21.5050,2.3998
6320,0.400,21.6920,2.3998
6331,0.400,21.8790,2.6180
6340,0.400,22.0659,2.8362
6350,0.400,22.4399,2.8362
6360,0.400,22.6269,3.0543
6370,0.400,22.8139,3.2725
6380,0.400,23.0009,3.2725
6390,0.400,23.3749,3.2725
6400,0.400,23.5619,3.4907
6410,0.400,23.7489,3.7088
6421,0.400,23.9359,3.7088
6430,0.400,24.1229,3.9270
6440,0.400,24.4969,4.1452
6450,0.400,24.6839,4.1452
6461,0.400,24.8709,4.3633
6470,0.400,25.0579,4.5815
6480,0.400,25.2449,4.5815
6490,0.400,25.6189,4.7997
6501,0.400,25.8059,5.0178
6511,0.400,25.9929,5.0178
6520,0.400,26.3669,5.0178
6530,0.400,26.3669,5.4542
6540,0.400,26.7409,5.4542
6551,0.400,26.9279,5.6723
6560,0.400,27.1149,5.8905
6570,0.400,27.4889,5.8905
6580,0.400,27.6759,6.1087
6591,0.400,27.8629,6.3268
6600,0.400,28.0499,6.5450
6610,0.400,28.4239,6.7632
6620,0.400,28.6109,6.7632
6631,0.400,28.7979,6.9813
6640,0.400,29.1719,7.1995
6650,0.400,29.3589,7.1995
6660,0.400,29.5459,7.4176
6670,0.400,29.7329,7.6358
6680,0.400,30.1069,7.8540
6690,0.400,30.2939,8.0721
6700,0.400,30.4809,8.0721
6710,0.400,30.8549,8.5085
6721,0.400,30.8549,8.5085
6730,0.400,31.2289,8.7266
6740,0.400,31.4159,8.9448
6750,0.400,31.6029,9.1630
6761,0.400,31.9769,9.3811
6770,0.400,32.1639,9.3811
6780,0.400,32.3509,9.5993
6790,0.400,32.7249,9.8175
6801,0.400,32.9119,10.0356
6810,0.400,33.0989,10.2538
6820,0.400,33.4729,10.4720
6830,0.400,33.6599,10.6901
6840,0.400,33.8469,10.9083
6850,0.400,34.0339,11.1265
6860,0.400,34.4079,11.1265
6870,0.400,34.5949,11.5628
6880,0.400,34.7819,11.5628
6891,0.400,34.9689,11.7810
6900,0.400,35.3429,11.9991
6910,0.400,35.5299,12.2173
6920,0.400,35.7169,12.4355
6931,0.400,36.0909,12.6536
6940,0.400,36.2779,12.8718
6950,0.400,36.4649,13.0900
6960,0.400,36.6519,13.3081
6971,0.400,36.8389,13.5263
6980,0.400,37.2129,13.7445
6990,0.400,37.3999,13.7445
7000,0.500,37.5869,14.1808
7010,0.500,37.9609,14.1808
7021,0.500,38.1479,14.6171
7030,0.500,38.3349,14.6171
7040,0.500,38.7089,15.0535
7050,0.500,38.8959,15.2716
7061,0.500,39.0829,15.4898
7070,0.500,39.4569,15.4898
7080,0.500,39.6439,15.9261
7090,0.500,39.8309,16.1443
7101,0.500,40.2049,16.3625
7110,0.500,40.3919,16.5806
7120,0.500,40.5789,16.7988
7130,0.500,40.9529,17.2351
7141,0.500,41.3269,17.2351
7150,0.500,41.5139,17.6715
7160,0.500,41.7009,17.8896
7170,0.500,42.0749,18.1078
7180,0.500,42.2619,18.3260
7190,0.500,42.4489,18.5441
7200,0.500,42.8229,18.9805
7210,0.500,43.0099,18.9805
7220,0.500,43.1969,19.4168
7231,0.500,43.5709,19.6350
7240,0.500,43.7579,19.8531
7250,0.500,43.9449,20.0713
7260,0.500,44.3189,20.2895
7271,0.500,44.5059,20.7258
7280,0.500,44.8799,20.9440
7290,0.500,45.0669,21.1621
7300,0.500,45.4409,21.5984
7310,0.500,45.6279,21.8166
7321,0.500,45.8149,22.0348
7330,0.500,46.1889,22.4711
7340,0.500,46.5629,22.6893
7350,0.500,46.7499,22.9074
7361,0.500,46.9369,23.3438
7370,0.500,47.3109,23.5619
7380,0.500,47.6849,23.7801
7390,0.500,47.8719,24.2164
7401,0.500,48.0589,24.4346
7410,0.500,48.4329,24.6528
7420,0.500,48.8069,25.0891
7430,0.500,48.8069,25.3073
7441,0.500,49.1809,25.5254
7450,0.500,49.5549,25.9618
7460,0.500,49.7419,25.9618
7470,0.500,50.1159,26.3981
7480,0.500,50.3029,26.8344
7490,0.500,50.6769,27.0526
7500,0.500,50.8639,27.4889
7510,0.500,51.0509,27.7071
7520,0.500,51.4249,27.9253
7531,0.500,51.7989,28.3616
7540,0.500,51.9859,28.5798
7550,0.500,52.3599,29.0161
7560,0.500,52.5469,29.2343
7571,0.500,52.9209,29.4524
7580,0.500,53.2949,29.8888
7590,0.500,53.4819,30.3251
7600,0.500,53.6689,30.5433
7611,0.500,54.0429,30.7614
7620,0.500,54.2299,31.1978
7630,0.500,54.6039,31.4159
7640,0.500,54.7909,31.6341
7650,0.500,55.1649,32.0704
7660,0.500,55.5389,32.2886
7670,0.500,55.7259,32.7249
7680,0.500,55.9129,32.9431
7690,0.500,56.2869,33.3794
7701,0.500,56.6609,33.5976
7710,0.500,56.8479,34.0339
7720,0.500,57.0349,34.2521
7730,0.500,57.4089,34.6884
7741,0.500,57.7829,35.1248
7750,0.500,57.9699,35.3429
7760,0.500,58.3439,35.5611
7770,0.500,58.5309,35.9974
7781,0.500,58.9049,36.4337
7791,0.500,59.2789,36.6519
7800,0.500,59.4659,36.8701
7810,0.500,59.8399,37.3064
7820,0.500,60.0269,37.7427
7831,0.500,60.4009,37.9609
7840,0.500,60.5879,38.1791
7850,0.500,60.7749,38.6154
7860,0.500,61.1489,38.8336
7871,0.500,61.5229,39.2699
7880,0.500,61.7099,39.4881
7890,0.500,62.0839,39.9244
7900,0.500,62.2709,40.3607
7911,0.500,62.6449,40.5789
7920,0.500,62.8319,40.7971
7930,0.500,63.2059,41.2334
7940,0.500,63.3929,41.6697
7950,0.500,63.7669,41.8879
7960,0.500,63.9539,42.1061
7970,0.500,64.3279,42.5424
7980,0.500,64.5149,42.9787
7990,0.500,64.8889,43.1969
8000,0.500,65.2629,43.4151
8010,0.500,65.4499,43.8514
8020,0.500,65.8238,44.2877
8030,0.500,66.0109,44.5059
8041,0.500,66.3849,44.9422
8050,0.500,66.7588,45.1604
8060,0.500,66.9458,45.5967
8070,0.500,67.1329,45.8149
8081,0.500,67.5068,46.0331
8090,0.500,67.8808,46.4694
8100,0.500,68.0678,46.9057
8110,0.500,68.4418,47.3421
8120,0.500,68.6288,47.5602
8130,0.500,69.0028,47.9966
8140,0.500,69.1898,48.2147
8150,0.500,69.5638,48.6511
8160,0.500,69.7508,48.8692
8171,0.500,70.1248,49.0874
8180,0.500,70.4988,49.5237
8190,0.500,70.6858,49.9601
8200,0.500,71.0598,50.1782
8211,0.500,71.2468,50.6145
8220,0.500,71.6208,50.8327
8230,0.500,71.8078,51.2691
8240,0.500,72.1818,51.4872
8251,0.500,72.5558,51.9235
8260,0.500,72.7428,52.1417
8270,0.500,72.9298,52.5780
8280,0.500,73.3038,53.0144
8290,0.500,73.4908,53.2325
8301,0.500,73.8648,53.4507
8310,0.500,74.2388,53.8870
8320,0.500,74.4258,54.3234
8330,0.500,74.7998,54.5415
8341,0.500,74.9868,54.9779
8350,0.500,75.3608,55.1960
8360,0.500,75.7348,55.6324
8370,0.500,75.9218,56.0687
8381,0.500,76.1088,56.2869
8390,0.500,76.4828,56.5050
8400,0.500,76.8568,56.9414
8410,0.500,77.2308,57.1595
8421,0.500,77.4178,57.3777
8430,0.500,77.6048,57.8140
8440,0.500,77.9788,58.2504
8450,0.500,78.3528,58.6867
8460,0.500,78.5398,58.9049
8471,0.500,78.9138,59.1230
8480,0.500,79.1008,59.5594
8490,0.500,79.4748,59.9957
8500,0.600,79.6618,60.2139
8510,0.600,80.0358,60.6502
8520,0.600,80.2228,60.8684
8530,0.600,80.5968,61.3047
8540,0.600,80.9708,61.7410
8551,0.600,81.1578,61.9592
8560,0.600,81.5318,62.1774
8570,0.600,81.7188,62.6137
8580,0.600,82.0928,63.0500
8590,0.600,82.4668,63.2682
8600,0.600,82.6538,63.4864
8610,0.600,83.0278,63.9227
8620,0.600,83.2148,64.3590
8630,0.600,83.5888,64.5772
8641,0.600,83.9628,65.0135
8650,0.600,84.3368,65.2317
8660,0.600,84.5238,65.6680
8670,0.600,84.8978,66.1044
8681,0.600,85.0848,66.5407
8690,0.600,85.4588,66.7588
8700,0.600,85.8328,67.1952
8710,0.600,86.2068,67.4133
8721,0.600,86.3938,67.8497
8730,0.600,86.7678,68.2860
8740,0.600,87.1418,68.5042
8750,0.600,87.5158,68.9405
8760,0.600,87.7028,69.1587
8770,0.600,88.0768,69.5950
8780,0.600,88.4508,70.0313
8790,0.600,88.6378,70.2495
8800,0.600,89.0118,70.6858
8811,0.600,89.3858,70.9040
8820,0.600,89.7598,71.3403
8830,0.600,89.9468,71.7767
8840,0.600,90.3208,72.2130
8851,0.600,90.6948,72.4312
8860,0.600,91.0688,72.8675
8870,0.600,91.4428,73.0857
8880,0.600,91.8168,73.5220
8891,0.600,92.1908,73.9583
8900,0.600,92.3778,74.1765
8910,0.600,92.7518,74.6128
8920,0.600,93.1258,75.0492
8930,0.600,93.4998,75.2673
8940,0.600,93.6868,75.7037
8950,0.600,94.0608,76.1400
8960,0.600,94.4348,76.3582
8970,0.600,94.8088,76.7945
8980,0.600,95.1828,77.0127
8990,0.600,95.5568,77.4490
9000,0.600,95.9308,77.8853
9010,0.600,96.3048,78.3217
9021,0.600,96.6788,78.7580
9030,0.600,96.8658,78.9762
9040,0.600,97.2398,79.4125
9050,0.600,97.6138,79.6306
9061,0.600,97.9878,80.0670
9070,0.600,98.3618,80.5033
9080,0.600,98.7358,80.7215
9090,0.600,98.9228,81.1578
9100,0.600,99.2968,81.5941
9110,0.600,99.6708,81.8123
9120,0.600,100.0448,82.2486
9130,0.600,100.4188,82.6850
9140,0.600,100.7928,82.9031
9151,0.600,101.1668,83.3395
9160,0.600,101.5408,83.7758
9170,0.600,101.9148,84.2121
9180,0.600,102.2888,84.4303
9191,0.600,102.6628,84.8666
9200,0.600,102.8498,85.3030
9210,0.600,103.2238,85.7393
9220,0.600,103.5978,85.9575
9230,0.600,103.9718,86.6120
9241,0.600,104.3458,86.8301
9250,0.600,104.7198,87.2665
9260,0.600,105.0938,87.4846
9270,0.600,105.4678,87.9210
9281,0.600,105.6548,88.3573
9290,0.600,106.2158,88.7936
9300,0.600,106.4028,89.2300
9310,0.600,106.7768,89.4481
9321,0.600,107.1508,89.8845
9330,0.600,107.5248,90.3208
9340,0.600,107.8988,90.5390
9350,0.600,108.2728,90.9753
9361,0.600,108.6467,91.4116
9370,0.600,109.0208,91.8479
9380,0.600,109.3948,92.2843
9390,0.600,109.7688,92.5024
9400,0.600,110.1427,92.9388
9410,0.600,110.5167,93.3751
9420,0.600,110.8908,93.8114
9430,0.600,111.2648,94.0296
9440,0.600,111.6387,94.4659
9450,0.600,112.0127,94.9023
9460,0.600,112.3868,95.3386
9470,0.600,112.7607,95.5568
9480,0.600,113.1347,95.9931
9491,0.600,113.5087,96.4294
9500,0.600,113.8827,96.8658
9510,0.600,114.2567,97.0839
9520,0.600,114.6307,97.5203
9531,0.600,115.0047,97.9566
9541,0.600,115.3787,98.3929
9550,0.600,115.7527,98.8293
9560,0.600,116.1267,99.2656
9570,0.600,116.5007,99.4838
9581,0.600,116.8747,99.9201
9590,0.600,117.4357,100.3564
9600,0.600,117.6227,100.5746
9610,0.600,118.1837,101.0109
9620,0.600,118.3707,101.4473
9630,0.600,118.9317,101.6654
9640,0.600,119.3057,102.1018
9650,0.600,119.6797,102.5381
9661,0.600,120.0537,102.7563
9670,0.600,120.4277,103.1926
9680,0.600,120.8017,103.6289
9690,0.600,121.3627,104.0653
9701,0.600,121.5497,104.5016
9710,0.600,122.1107,104.9379
9720,0.600,122.4847,105.1561
9730,0.600,122.8587,105.5924
9740,0.600,123.2327,106.0288
9750,0.600,123.6067,106.2469
9760,0.600,123.9807,106.6833
9770,0.600,124.3547,107.1196
9780,0.600,124.7287,107.5559
9791,0.600,125.1027,107.9923
9800,0.600,125.4767,108.4286
9810,0.600,125.8507,108.6467
9820,0.600,126.2247,109.0831
9831,0.600,126.5987,109.3013
9840,0.600,127.1597,109.7376
9850,0.600,127.5337,110.1739
9860,0.600,127.9077,110.6102
9870,0.600,128.2817,111.0466
9880,0.600,128.8427,111.4829
9890,0.600,129.2167,111.7011
9900,0.600,129.5907,112.1374
9910,0.600,129.9647,112.5737
9920,0.600,130.3387,112.7919
9930,0.600,130.7127,113.2282
9940,0.600,131.0867,113.6646
9950,0.600,131.4607,114.1009
9961,0.600,131.8347,114.3191
9970,0.600,132.2087,114.7554
9980,0.600,132.5827,115.1917
9990,0.600,133.1437,115.6281
10001,0.700,133.5177,115.8462
10010,0.700,133.8917,116.2826
10020,0.700,134.2657,116.7189
10030,0.700,134.8267,117.1552
10040,0.700,135.2007,117.5916
10051,0.700,135.5747,118.0279
10060,0.700,135.9487,118.2461
10070,0.700,136.3227,118.6824
10080,0.700,136.6967,118.9006
10090,0.700,137.0707,119.3369
10100,0.700,137.6317,119.7732
10110,0.700,138.0057,120.2096
10120,0.700,138.3797,120.6459
10131,0.700,138.7537,121.0822
10140,0.700,139.1277,121.5186
10150,0.700,139.6887,121.7367
10160,0.700,140.0627,122.1731
10171,0.700,140.4367,122.6094
10180,0.700,140.8107,123.0457
10190,0.700,141.1847,123.2639
10200,0.700,141.5587,123.7002
10210,0.700,142.1197,124.1366
10221,0.700,142.4937,124.5729
10230,0.700,142.8677,125.0092
10240,0.700,143.2417,125.4456
10250,0.700,143.6157,125.8819
10261,0.700,143.9897,126.1000
10270,0.700,144.5507,126.5364
10280,0.700,144.9247,126.9727
10290,0.700,145.2987,127.4090
10301,0.700,145.6727,127.6272
10310,0.700,146.0467,128.0635
10320,0.700,146.6077,128.4999
10330,0.700,146.9817,128.9362
10341,0.700,147.3557,129.3725
10351,0.700,147.7296,129.8089
10360,0.700,148.2907,130.2452
10370,0.700,148.6647,130.6815
10380,0.700,149.0386,131.1178
10391,0.700,149.4127,131.3360
10400,0.700,149.7867,131.7723
10410,0.700,150.1607,132.2087
10420,0.700,150.5346,132.4268
10431,0.700,151.0957,132.8632
10440,0.700,151.4697,133.2995
10450,0.700,151.8436,133.7359
10460,0.700,152.2176,134.1722
10471,0.700,152.7787,134.6085
10480,0.700,153.1526,135.0448
10490,0.700,153.5267,135.2630
10500,0.700,153.9006,135.6993
10510,0.700,154.2746,136.1357
10520,0.700,154.6486,136.5720
10530,0.700,155.0227,137.0083
10540,0.700,155.5836,137.2265
10550,0.700,155.9577,137.6628
10560,0.700,156.3316,138.0992
10570,0.700,156.7057,138.5355
10580,0.700,157.2666,138.9718
10590,0.700,157.6406,139.4082
10601,0.700,158.0146,139.8445
10610,0.700,158.3886,140.0627
10620,0.700,158.7626,140.4990
10630,0.700,159.3236,140.9353
10641,0.700,159.6976,141.1535
10650,0.700,160.0716,141.5898
10660,0.700,160.4456,142.2443
10670,0.700,160.8196,142.4625
10680,0.700,161.1936,142.8988
10690,0.700,161.7546,143.3352
10700,0.700,162.1286,143.7715
10710,0.700,162.5026,144.2078
10720,0.700,162.8766,144.6442
10731,0.700,163.2506,144.8623
10740,0.700,163.6246,145.2987
10750,0.700,163.9986,145.7350
10760,0.700,164.5596,145.9532
10771,0.700,164.9336,146.3895
10780,0.700,165.4946,146.8258
10790,0.700,165.8686,147.2622
10800,0.700,166.2426,147.6985
10811,0.700,166.6166,148.1348
10820,0.700,166.9906,148.5712
10830,0.700,167.3646,149.0075
10840,0.700,167.7386,149.4438
10850,0.700,168.2996,149.6620
10860,0.700,168.6736,150.0983
10870,0.700,169.0476,150.5346
10880,0.700,169.4216,150.7528
10890,0.700,169.9826,151.1891
10901,0.700,170.1696,151.6255
10910,0.700,170.7306,152.0618
10920,0.700,171.1046,152.4981
10930,0.700,171.4786,152.9345
10941,0.700,171.8526,153.3708
10950,0.700,172.2266,153.5890
10960,0.700,172.7876,154.0253
10970,0.700,173.1616,154.4617
10981,0.700,173.7226,154.8979
10990,0.700,174.0966,155.3343
11000,0.700,174.4706,155.5524
11010,0.700,174.8446,155.9888
11020,0.700,175.2186,156.4251
11030,0.700,175.5926,156.8614
11040,0.700,175.9666,157.2978
11050,0.700,176.3406,157.7341
11060,0.700,176.7146,157.9523
11071,0.700,177.2756,158.3886
11080,0.700,177.6496,158.8249
11090,0.700,178.0236,159.2613
11100,0.700,178.3976,159.6976
11111,0.700,178.9586,159.9158
11120,0.700,179.3326,160.3521
11130,0.700,179.7066,160.7884
11140,0.700,180.0806,161.2248
11150,0.700,180.4546,161.6611
11161,0.700,181.0156,162.0974
11170,0.700,181.2026,162.5338
11180,0.700,181.7636,162.9701
11190,0.700,182.1376,163.1883
11201,0.700,182.6986,163.6246
11210,0.700,183.0726,164.0609
11220,0.700,183.4466,164.2791
11230,0.700,183.8206,164.7154
11241,0.700,184.1946,165.1518
11250,0.700,184.7556,165.5881
11260,0.700,184.9426,166.0244
11270,0.700,185.5036,166.4608
11281,0.700,185.8776,166.6789
11290,0.700,186.2516,167.1153
11300,0.700,186.6256,167.5516
11310,0.700,187.1866,167.9879
11320,0.700,187.3736,168.4243
11330,0.700,187.9346,168.8606
11340,0.700,188.3085,169.0788
11350,0.700,188.6826,169.5151
11360,0.700,189.0566,169.9514
11370,0.700,189.4306,170.3878
11380,0.700,189.9916,170.8241
11390,0.700,190.3656,171.2604
11400,0.700,190.7396,171.4786
11411,0.700,191.1136,172.1331
11420,0.700,191.6746,172.3513
11430,0.700,192.0486,172.7876
11440,0.700,192.4226,173.0058
11451,0.700,192.7966,173.6603
11460,0.700,193.1706,173.8784
11470,0.700,193.7315,174.3148
11480,0.700,193.9186,174.7511
11490,0.700,194.4795,175.1874
11501,0.800,194.8535,175.6238
11510,0.800,195.2276,176.0601
11520,0.800,195.6016,176.2783
11530,0.800,196.1625,176.7146
11541,0.800,196.5366,177.1509
11550,0.800,196.9105,177.5873
11560,0.800,197.2846,177.8054
11570,0.800,197.6585,178.2418
11581,0.800,198.2196,178.6781
11590,0.800,198.5935,179.1144
11600,0.800,198.9675,179.5507
11610,0.800,199.3415,179.9871
11621,0.800,199.9026,180.4234
11630,0.800,200.2765,180.8597
11640,0.800,200.6505,181.2961
11650,0.800,201.0245,181.7324
11660,0.800,201.3985,181.9506
11671,0.800,201.7725,182.3869
11680,0.800,202.3335,182.8232
11690,0.800,202.7075,183.0414
11700,0.800,203.0815,183.4777
11711,0.800,203.6425,183.9141
11720,0.800,204.0165,184.3504
11730,0.800,204.3905,184.7867
11740,0.800,204.9515,185.2231
11751,0.800,205.3255,185.6594
11760,0.800,205.6995,186.0957
11770,0.800,206.0735,186.5321
11780,0.800,206.6345,186.9684
11790,0.800,207.0085,187.4047
11801,0.800,207.3825,187.6229
11810,0.800,207.9435,188.0592
11820,0.800,208.3175,188.4956
11830,0.800,208.8785,188.9319
11841,0.800,209.2525,189.3682
11850,0.800,209.6265,189.5864
11860,0.800,210.0005,190.0227
11870,0.800,210.5615,190.4591
11881,0.800,211.1225,190.8954
11890,0.800,211.4965,191.3317
11900,0.800,211.8705,191.7681
11910,0.800,212.4315,192.2044
11921,0.800,212.8055,192.6407
11930,0.800,213.3665,193.0771
11940,0.800,213.7405,193.5134
11950,0.800,214.1145,193.9497
11960,0.800,214.6755,194.3860
11970,0.800,215.0495,194.6042
11980,0.800,215.6105,195.0405
11990,0.800,215.9845,195.4769
12000,0.800,216.5455,195.6950
12011,0.800,217.1065,196.1314
12020,0.800,217.4805,196.5677
12030,0.800,217.8545,197.0040
12040,0.800,218.4155,197.4404
12051,0.800,218.7895,197.8767
12060,0.800,219.3505,198.3130
12070,0.800,219.7245,198.7493
12080,0.800,220.0985,199.1857
12091,0.800,220.6595,199.6220
12100,0.800,221.2205,200.0583
12110,0.800,221.5945,200.2765
12120,0.800,222.1555,200.7128
12130,0.800,222.5295,201.1492
12141,0.800,223.0905,201.5855
12150,0.800,223.4645,202.0218
12160,0.800,224.0255,202.2400
12170,0.800,224.5865,202.6764
12181,0.800,224.9605,203.1127
12190,0.800,225.3345,203.5490
12200,0.800,225.8955,203.9853
12210,0.800,226.4565,204.4217
12221,0.800,226.8305,204.8580
12230,0.800,227.3915,205.2943
12240,0.800,227.7655,205.7307
12250,0.800,228.3265,206.1670
12261,0.800,228.7005,206.6033
12270,0.800,229.2615,207.0397
12280,0.800,229.8225,207.2578
12290,0.800,230.1965,207.6942
12300,0.800,230.7575,208.1305
12310,0.800,231.1315,208.5668
12320,0.800,231.6925,209.0032
12330,0.800,232.0665,209.4395
12340,0.800,232.6275,209.6577
12351,0.800,233.0014,210.0940
12360,0.800,233.5625,210.5303
12370,0.800,234.1234,210.9667
12380,0.800,234.4975,211.4030
12391,0.800,235.0585,211.8393
12400,0.800,235.4324,212.2757
12410,0.800,235.9934,212.7120
12420,0.800,236.5545,213.1483
12430,0.800,236.9284,213.5847
12441,0.800,237.3024,214.0210
12450,0.800,237.8634,214.2392
12460,0.800,238.4244,214.6755
12470,0.800,238.7985,215.1118
12481,0.800,239.3594,215.5482
12490,0.800,239.7334,215.9845
12500,0.800,240.2944,216.4208
12510,0.800,240.8554,216.8572
12521,0.800,241.2294,217.2935
12530,0.800,241.7904,217.5117
12540,0.800,242.1644,217.9480
12550,0.800,242.7254,218.3843
12561,0.800,243.0995,218.8207
12570,0.800,243.6604,219.2570
12580,0.800,244.0344,219.6933
12590,0.800,244.5954,220.1296
12600,0.800,244.9694,220.5660
12610,0.800,245.5304,221.0023
12620,0.800,245.9044,221.4387
12630,0.800,246.4654,221.8750
12640,0.800,247.0264,222.3113
12650,0.800,247.4004,222.7476
12660,0.800,247.9614,223.1840
12670,0.800,248.5224,223.6203
12680,0.800,248.8964,224.0566
12691,0.800,249.2704,224.4930
12700,0.800,249.8314,224.7111
12710,0.800,250.2054,225.1475
12720,0.800,250.7664,225.5838
12731,0.800,251.1404,226.0201
12740,0.800,251.7014,226.4565
12750,0.800,252.2624,226.8928
12760,0.800,252.6364,227.1110
12770,0.800,253.0104,227.5473
12781,0.800,253.7584,227.9836
12790,0.800,254.1324,228.4200
12800,0.800,254.5064,228.8563
12810,0.800,255.0674,229.2926
12821,0.800,255.6284,229.7290
12830,0.800,256.0024,230.1653
12840,0.800,256.5634,230.6016
12850,0.800,256.9374,231.0380
12861,0.800,257.4984,231.4743
12870,0.800,257.8724,231.9106
12880,0.800,258.2464,232.3470
12890,0.800,258.8074,232.7833
12901,0.800,259.3684,233.2196
12910,0.800,259.7424,233.6560
12920,0.800,260.3034,234.0923
12930,0.800,260.6774,234.3105
12940,0.800,261.2384,234.9649
12950,0.800,261.6124,235.1831
12960,0.800,262.1734,235.6195
12970,0.800,262.7344,236.0558
12980,0.800,263.1084,236.4921
12990,0.800,263.4824,236.9284
13000,0.900,264.0434,237.3648
13010,0.900,264.6044,237.8011
13020,0.900,264.9784,238.2375
13031,0.900,265.5394,238.4556
13040,0.900,265.9134,238.8919
13050,0.900,266.4744,239.3283
13060,0.900,267.0354,239.7646
13070,0.900,267.4094,240.2010
13081,0.900,267.9704,240.6372
13090,0.900,268.3444,241.0736
13100,0.900,268.9054,241.5099
13110,0.900,269.2794,241.9463
13121,0.900,269.8404,242.3826
13130,0.900,270.2144,242.8189
13140,0.900,270.7754,243.2552
13150,0.900,271.3364,243.6916
13161,0.900,271.7104,244.1279
13170,0.900,272.2714,244.5642
13180,0.900,272.8324,245.0006
13190,0.900,273.2064,245.4369
13201,0.900,273.7674,245.8733
13210,0.900,274.3284,246.3096
13220,0.900,274.7024,246.7459
13230,0.900,275.2634,247.1822
13240,0.900,275.6374,247.6186
13251,0.900,276.1984,248.0549
13260,0.900,276.7594,248.2731
13270,0.900,277.1334,248.9276
13280,0.900,277.6944,249.1457
13291,0.900,278.2554,249.5821
13300,0.900,278.6294,250.0184
13310,0.900,279.1904,250.4547
13320,0.900,279.7514,250.8911
13331,0.900,280.1253,251.3274
13340,0.900,280.6864,251.7637
13350,0.900,281.0604,252.2001
13360,0.900,281.6214,252.6364
13371,0.900,282.1824,253.0727
13380,0.900,282.5563,253.5091
13390,0.900,283.1174,253.9454
13400,0.900,283.6784,254.3817
13410,0.900,284.0523,254.5999
13421,0.900,284.6134,255.0362
13430,0.900,285.1744,255.4726
13440,0.900,285.5484,255.9089
13450,0.900,286.1094,256.3452
13460,0.900,286.6704,256.7816
13470,0.900,287.0444,257.4361
13480,0.900,287.6053,257.6542
13490,0.900,288.1664,258.0906
13501,0.900,288.5404,258.5269
13510,0.900,288.9143,258.9632
13520,0.900,289.6624,259.3996
13530,0.900,290.0363,259.8359
13541,0.900,290.5973,260.2722
13550,0.900,291.1584,260.7086
13560,0.900,291.5323,261.1449
13570,0.900,292.0934,261.5812
13580,0.900,292.6543,262.0176
13591,0.900,293.0284,262.4539
13600,0.900,293.5893,262.8902
13610,0.900,294.1503,263.3265
13620,0.900,294.5243,263.7629
13631,0.900,294.8984,264.1992
13640,0.900,295.4593,264.6356
13650,0.900,296.0203,265.0719
13660,0.900,296.3944,265.5082
13671,0.900,296.9554,265.9446
13680,0.900,297.5163,266.3809
13690,0.900,297.8903,266.8172
13700,0.900,298.6383,267.0354
13710,0.900,299.0123,267.4717
13720,0.900,299.3863,267.9081
13730,0.900,299.9473,268.3444
13740,0.900,300.5083,268.7807
13750,0.900,300.8823,269.2171
13761,0.900,301.4433,269.6534
13770,0.900,302.0043,270.0897
13780,0.900,302.3783,270.5260
13790,0.900,302.9393,270.9624
13801,0.900,303.3133,271.3987
13810,0.900,303.8743,272.0532
13820,0.900,304.4353,272.4895
13830,0.900,304.8093,272.9259
13841,0.900,305.3703,273.3622
13850,0.900,305.9313,273.7985
13860,0.900,306.3053,274.2349
13870,0.900,306.8663,274.6712
13880,0.900,307.4273,275.1075
13890,0.900,307.8013,275.5439
13900,0.900,308.3623,275.9802
13910,0.900,308.7363,276.4165
13920,0.900,309.2973,276.8529
13931,0.900,309.8583,277.2892
13940,0.900,310.4193,277.9437
13950,0.900,310.7933,278.3800
13960,0.900,311.3543,278.8164
13971,0.900,311.9153,279.2527
13980,0.900,312.2893,279.6890
13990,0.900,312.8503,280.1253
14000,0.900,313.4113,280.5617
14011,0.900,313.7853,280.9980
14020,0.900,314.3463,281.4344
14030,0.900,314.7203,281.8707
14040,0.900,315.2813,282.5252
14050,0.900,315.8423,282.9615
14061,0.900,316.2163,283.3979
14070,0.900,316.7773,283.8341
14080,0.900,317.3383,284.2705
14090,0.900,317.7123,284.7069
14101,0.900,318.2733,285.1432
14110,0.900,318.8343,285.5795
14120,0.900,319.3953,286.0158
14130,0.900,319.7693,286.4522
14141,0.900,320.3302,286.8885
14150,0.900,320.8913,287.3248
14160,0.900,321.2653,287.7612
14170,0.900,321.8263,288.4157
14181,0.900,322.3873,288.8520
14190,0.900,322.7613,289.2883
14200,0.900,323.3222,289.7247
14210,0.900,323.8833,290.1610
14220,0.900,324.2572,290.5973
14230,0.900,324.8183,291.0337
14240,0.900,325.1923,291.4700
14250,0.900,325.7533,291.9063
14260,0.900,326.3143,292.3427
14270,0.900,326.6883,292.9971
14280,0.900,327.2492,293.4335
14290,0.900,327.8103,293.8698
14300,0.900,328.3713,294.3062
14311,0.900,328.7453,294.7425
14320,0.900,329.3063,295.1788
14330,0.900,329.8673,295.6152
14340,0.900,330.2413,296.0515
14350,0.900,330.8022,296.4878
14361,0.900,331.1763,296.9241
14370,0.900,331.7373,297.3605
14380,0.900,332.2983,297.7968
14390,0.900,332.6723,298.2332
14401,0.900,333.2332,298.8876
14410,0.900,333.7942,299.3240
14420,0.900,334.1683,299.7603
14430,0.900,334.5422,300.1967
14441,0.900,334.9162,300.8511
14450,0.900,335.2903,301.0693
14460,0.900,335.8512,301.7238
14470,0.900,336.4122,301.9419
14481,0.900,336.7862,302.5964
14490,0.900,337.3472,303.0328
14500,1.000,337.9082,303.4691
14510,1.000,338.2823,303.9054
14520,1.000,338.6562,304.3418
14531,1.000,339.2172,304.7781
14540,1.000,339.7782,305.2144
14550,1.000,340.1523,305.6508
14560,1.000,340.7132,306.0871
14570,1.000,341.2742,306.7416
14580,1.000,341.8352,307.1779
14590,1.000,342.3962,307.6143
14600,1.000,342.7702,308.0506
14611,1.000,343.1442,308.4869
14620,1.000,343.5182,308.9233
14630,1.000,343.8922,309.5778
14640,1.000,344.2662,310.0141
14651,1.000,345.0142,310.4504
14660,1.000,345.3882,310.8868
14670,1.000,345.9492,311.3231
14680,1.000,346.5102,311.7594
14690,1.000,346.8842,312.1958
14701,1.000,347.4452,312.8503
14710,1.000,348.0062,313.2866
14720,1.000,348.3802,313.7229
14730,1.000,348.9412,314.1593
14741,1.000,349.5022,314.5956
14750,1.000,349.8762,315.0319
14760,1.000,350.4372,315.6864
14770,1.000,350.9982,316.1228
14781,1.000,351.3722,316.5591
14790,1.000,351.9332,316.9954
14800,1.000,352.4942,317.4318
14810,1.000,353.0552,317.8681
14821,1.000,353.4292,318.3044
14830,1.000,353.9902,318.7408
14840,1.000,354.5512,318.9589
14850,1.000,355.1122,319.3953
14860,1.000,355.4862,319.8316
14871,1.000,356.0472,320.2679
14880,1.000,356.6082,320.7043
14890,1.000,356.9822,321.3588
14900,1.000,357.5432,321.7951
14911,1.000,358.1042,322.2314
14920,1.000,358.4782,322.6678
14930,1.000,359.0392,323.1041
14940,1.000,359.6002,323.5404
14951,1.000,359.9742,323.9768
14960,1.000,360.3482,324.6313
14970,1.000,360.7222,325.0676
14980,1.000,361.2832,325.5039
14990,1.000,361.8442,325.9403
15000,1.000,362.2182,326.5948
15010,1.000,362.7792,327.0311
15020,1.000,363.3402,327.4674
15030,1.000,363.9012,327.9038
15040,1.000,364.2752,328.3401
15050,1.000,364.8361,328.7764
15060,1.000,365.3972,329.2127
15070,1.000,365.9582,329.8673
15081,1.000,366.3322,330.3036
15090,1.000,366.8932,330.7399
15100,1.000,367.4541,331.1763
15110,1.000,368.0152,331.6126
15121,1.000,368.3892,332.0489
15130,1.000,368.9502,332.7033
15140,1.000,369.3242,333.1397
15150,1.000,369.6982,333.5761
15160,1.000,370.0722,334.0124
15170,1.000,370.6332,334.4487
15180,1.000,371.1942,334.8851
15190,1.000,371.7552,335.3214
15200,1.000,372.1292,335.9759
15211,1.000,372.6901,336.4122
15220,1.000,373.2511,336.8486
15230,1.000,373.8121,337.2849
15240,1.000,374.1862,337.9394
15251,1.000,374.7472,338.3757
15260,1.000,375.3081,338.8121
15270,1.000,375.6821,339.2484
15280,1.000,376.2432,339.6847
15291,1.000,376.8041,340.1210
15300,1.000,377.1781,340.5574
15310,1.000,377.5522,340.9937
15320,1.000,377.9261,341.4301
15330,1.000,378.4872,342.0845
15340,1.000,379.0481,342.5209
15350,1.000,379.4222,342.9572
15360,1.000,379.9831,343.3936
15370,1.000,380.5441,344.0480
15381,1.000,381.1051,344.4843
15390,1.000,381.6661,344.9207
15400,1.000,382.0401,345.3571
15410,1.000,382.6011,345.7933
15421,1.000,383.1621,346.2297
15430,1.000,383.5361,346.6660
15440,1.000,384.0971,347.1023
15450,1.000,384.6582,347.7568
15461,1.000,385.2192,348.1932
15470,1.000,385.7801,348.6295
15480,1.000,386.1541,349.2840
15490,1.000,386.7151,349.7203
15500,1.000,387.2761,350.1567
15511,1.000,387.6501,350.5930
15520,1.000,388.2111,351.0293
15530,1.000,388.7721,351.4657
15540,1.000,389.3331,351.9020
15551,1.000,389.7071,352.3383
15560,1.000,390.2681,352.7747
15570,1.000,390.8291,353.4292
15580,1.000,391.3901,353.8655
15591,1.000,391.7641,354.3018
15600,1.000,392.3251,354.7382
15610,1.000,392.8861,355.3927
15620,1.000,393.2601,355.6108
15630,1.000,393.8211,356.2653
15641,1.000,394.3821,356.7017
15650,1.000,394.7561,357.1380
15660,1.000,395.1301,357.5743
15670,1.000,395.5041,358.0107
15681,1.000,396.0651,358.4470
15690,1.000,396.6261,358.8833
15700,1.000,397.1871,359.5378
15710,1.000,397.5611,359.9742
15721,1.000,398.1221,360.4105
15730,1.000,398.6831,360.8468
15740,1.000,399.2441,361.5013
15750,1.000,399.6181,361.9377
15761,1.000,400.1791,362.3740
15770,1.000,400.7401,362.8103
15780,1.000,401.1141,363.2467
15790,1.000,401.6751,363.6830
15800,1.000,402.2361,364.1193
15811,1.000,402.7971,364.5557
15820,1.000,403.3581,364.9920
15830,1.000,403.7321,365.6465
15840,1.000,404.2931,366.0828
15850,1.000,404.8541,366.5191
15860,1.000,405.2281,366.9555
15870,1.000,405.7891,367.6100
15880,1.000,406.3501,368.0463
15891,1.000,406.9111,368.4826
15900,1.000,407.2850,368.9190
15910,1.000,407.8460,369.3553
15920,1.000,408.4071,369.7917
15931,1.000,408.9681,370.2280
15940,1.000,409.3420,370.6643
15950,1.000,409.9031,371.3188
15960,1.000,410.4641,371.7552
15970,1.000,410.8381,372.1915
15981,1.000,411.3991,372.6278
15990,1.000,411.9601,373.0642
16000,0.000,412.3341,373.7187
16010,0.000,413.0821,374.1550
16021,0.000,413.4561,374.5913
16030,0.000,413.8301,375.0276
16040,0.000,414.3911,375.4640
16050,0.000,414.7651,375.9002
16061,0.000,415.1390,376.1185
16070,0.000,415.3261,376.3366
16080,0.000,415.7001,376.7730
16090,0.000,416.0741,376.9911
16101,0.000,416.2611,377.2093
16110,0.000,416.6351,377.6456
16120,0.000,416.8221,377.6456
16130,0.000,417.0090,378.0820
16140,0.000,417.1960,378.3001
16150,0.000,417.3831,378.5183
16160,0.000,417.5700,378.5183
16170,0.000,417.5700,378.5183
16180,0.000,417.7571,378.7365
16191,0.000,417.7571,378.9546
16200,0.000,417.9441,378.9546
16210,0.000,417.9441,378.9546
16220,0.000,418.1311,379.1728
16231,0.000,418.1311,379.1728
16240,0.000,418.3181,379.3910
16250,0.000,418.3181,379.3910
16260,0.000,418.3181,379.3910
16270,0.000,418.3181,379.3910
16280,0.000,418.3181,379.3910
16290,0.000,418.3181,379.3910
16300,0.000,418.3181,379.3910
16310,0.000,418.3181,379.3910
16320,0.000,418.3181,379.3910
16330,0.000,418.3181,379.3910
16340,0.000,418.3181,379.3910
16350,0.000,418.3181,379.3910
16361,0.000,418.3181,379.3910
16370,0.000,418.3181,379.3910
16380,0.000,418.3181,379.3910
16390,0.000,418.3181,379.3910
16401,0.000,418.3181,379.3910
16410,0.000,418.3181,379.3910
16420,0.000,418.3181,379.3910
16430,0.000,418.3181,379.3910
16440,0.000,418.3181,379.3910
16451,0.000,418.3181,379.3910
16460,0.000,418.3181,379.3910
16470,0.000,418.3181,379.3910
16480,0.000,418.3181,379.3910
16491,0.000,418.3181,379.3910
16500,0.000,418.3181,379.3910
16510,0.000,418.3181,379.3910
16520,0.000,418.3181,379.3910
16531,0.000,418.3181,379.3910
16540,0.000,418.3181,379.3910
16550,0.000,418.3181,379.3910
16560,0.000,418.3181,379.3910
16571,0.000,418.3181,379.3910
16580,0.000,418.3181,379.3910
16590,0.000,418.3181,379.3910
16600,0.000,418.3181,379.3910
16610,0.000,418.3181,379.3910
16620,0.000,418.3181,379.3910
16630,0.000,418.3181,379.3910
16640,0.000,418.3181,379.3910
16650,0.000,418.3181,379.3910
16661,0.000,418.3181,379.3910
16670,0.000,418.3181,379.3910
16680,0.000,418.3181,379.3910
16690,0.000,418.3181,379.3910
16701,0.000,418.3181,379.3910
16710,0.000,418.3181,379.3910
16720,0.000,418.3181,379.3910
16730,0.000,418.3181,379.3910
16741,0.000,418.3181,379.3910
16750,0.000,418.3181,379.3910
16760,0.000,418.3181,379.3910
16770,0.000,418.3181,379.3910
16780,0.000,418.3181,379.3910
16790,0.000,418.3181,379.3910
16800,0.000,418.3181,379.3910
16810,0.000,418.3181,379.3910
16820,0.000,418.3181,379.3910
16831,0.000,418.3181,379.3910
16840,0.000,418.3181,379.3910
16850,0.000,418.3181,379.3910
16860,0.000,418.3181,379.3910
16871,0.000,418.3181,379.3910
16880,0.000,418.3181,379.3910
16890,0.000,418.3181,379.3910
16900,0.000,418.3181,379.3910
16910,0.000,418.3181,379.3910
16921,0.000,418.3181,379.3910
16930,0.000,418.3181,379.3910
16940,0.000,418.3181,379.3910
16950,0.000,418.3181,379.3910
16961,0.000,418.3181,379.3910
16970,0.000,418.3181,379.3910
16980,0.000,418.3181,379.3910
16990,0.000,418.3181,379.3910
17001,-0.100,418.3181,379.3910
17010,-0.100,418.3181,379.3910
17020,-0.100,418.3181,379.3910
17030,-0.100,418.3181,379.3910
17041,-0.100,418.3181,379.3910
17050,-0.100,418.3181,379.3910
17060,-0.100,418.3181,379.3910
17070,-0.100,418.3181,379.3910
17080,-0.100,418.3181,379.3910
17090,-0.100,418.3181,379.3910
17100,-0.100,418.3181,379.3910
17110,-0.100,418.3181,379.3910
17120,-0.100,418.3181,379.3910
17131,-0.100,418.3181,379.3910
17140,-0.100,418.3181,379.3910
17150,-0.100,418.3181,379.3910
17160,-0.100,418.3181,379.3910
17171,-0.100,418.3181,379.3910
17180,-0.100,418.3181,379.3910
17190,-0.100,418.3181,379.3910
17200,-0.100,418.3181,379.3910
17211,-0.100,418.3181,379.3910
17220,-0.100,418.3181,379.3910
17230,-0.100,418.3181,379.3910
17240,-0.100,418.3181,379.3910
17250,-0.100,418.3181,379.3910
17260,-0.100,418.3181,379.3910
17270,-0.100,418.3181,379.3910
17280,-0.100,418.3181,379.3910
17290,-0.100,418.3181,379.3910
17300,-0.100,418.3181,379.3910
17310,-0.100,418.3181,379.3910
17320,-0.100,418.3181,379.3910
17330,-0.100,418.3181,379.3910
17341,-0.100,418.3181,379.3910
17350,-0.100,418.3181,379.3910
17360,-0.100,418.3181,379.3910
17370,-0.100,418.3181,379.3910
17381,-0.100,418.3181,379.3910
17390,-0.100,418.3181,379.3910
17400,-0.100,418.3181,379.3910
17410,-0.100,418.3181,379.3910
17420,-0.100,418.3181,379.3910
17431,-0.100,418.3181,379.3910
17440,-0.100,418.3181,379.3910
17450,-0.100,418.3181,379.3910
17460,-0.100,418.3181,379.3910
17471,-0.100,418.3181,379.3910
17480,-0.100,418.3181,379.3910
17490,-0.100,418.3181,379.3910
17500,-0.100,418.3181,379.3910
17511,-0.100,418.3181,379.3910
17520,-0.100,418.3181,379.3910
17530,-0.100,418.3181,379.3910
17540,-0.100,418.3181,379.3910
17550,-0.100,418.3181,379.3910
17560,-0.100,418.3181,379.3910
17570,-0.100,418.3181,379.3910
17580,-0.100,418.3181,379.3910
17590,-0.100,418.3181,379.3910
17600,-0.100,418.3181,379.3910
17610,-0.100,418.3181,379.3910
17620,-0.100,418.3181,379.3910
17630,-0.100,418.3181,379.3910
17640,-0.100,418.3181,379.3910
17650,-0.100,418.3181,379.3910
17660,-0.100,418.3181,379.3910
17670,-0.100,418.3181,379.3910
17681,-0.100,418.3181,379.3910
17690,-0.100,418.3181,379.3910
17700,-0.100,418.3181,379.3910
17710,-0.100,418.3181,379.3910
17720,-0.100,418.3181,379.3910
17731,-0.100,418.3181,379.3910
17740,-0.100,418.3181,379.3910
17750,-0.100,418.3181,379.3910
17760,-0.100,418.3181,379.3910
17771,-0.100,418.3181,379.3910
17780,-0.100,418.3181,379.3910
17790,-0.100,418.3181,379.3910
17800,-0.100,418.3181,379.3910
17811,-0.100,418.3181,379.3910
17820,-0.100,418.3181,379.3910
17830,-0.100,418.3181,379.3910
17840,-0.100,418.3181,379.3910
17851,-0.100,418.3181,379.3910
17860,-0.100,418.3181,379.3910
17870,-0.100,418.3181,379.3910
17880,-0.100,418.3181,379.3910
17890,-0.100,418.3181,379.3910
17900,-0.100,418.3181,379.3910
17910,-0.100,418.3181,379.3910
17920,-0.100,418.3181,379.3910
17930,-0.100,418.3181,379.3910
17940,-0.100,418.3181,379.3910
17950,-0.100,418.3181,379.3910
17960,-0.100,418.3181,379.3910
17970,-0.100,418.3181,379.3910
17981,-0.100,418.3181,379.3910
17990,-0.100,418.3181,379.3910
18000,-0.100,418.3181,379.3910
18010,-0.100,418.3181,379.3910
18021,-0.100,418.3181,379.3910
18030,-0.100,418.3181,379.3910
18040,-0.100,418.3181,379.3910
18050,-0.100,418.3181,379.3910
18060,-0.100,418.3181,379.3910
18071,-0.100,418.3181,379.3910
18080,-0.100,418.3181,379.3910
18090,-0.100,418.3181,379.3910
18100,-0.100,418.3181,379.3910
18111,-0.100,418.3181,379.3910
18120,-0.100,418.3181,379.3910
18130,-0.100,418.3181,379.3910
18140,-0.100,418.3181,379.3910
18151,-0.100,418.3181,379.3910
18160,-0.100,418.3181,379.3910
18170,-0.100,418.3181,379.3910
18180,-0.100,418.3181,379.3910
18190,-0.100,418.3181,379.3910
18200,-0.100,418.3181,379.3910
18210,-0.100,418.3181,379.3910
18220,-0.100,418.3181,379.3910
18230,-0.100,418.3181,379.3910
18240,-0.100,418.3181,379.3910
18250,-0.100,418.3181,379.3910
18260,-0.100,418.3181,379.3910
18270,-0.100,418.3181,379.3910
18281,-0.100,418.3181,379.3910
18290,-0.100,418.3181,379.3910
18300,-0.100,418.3181,379.3910
18310,-0.100,418.3181,379.3910
18321,-0.100,418.3181,379.3910
18330,-0.100,418.3181,379.3910
18340,-0.100,418.3181,379.3910
18350,-0.100,418.3181,379.3910
18360,-0.100,418.3181,379.3910
18371,-0.100,418.3181,379.3910
18380,-0.100,418.3181,379.3910
18390,-0.100,418.3181,379.3910
18400,-0.100,418.3181,379.3910
18411,-0.100,418.3181,379.3910
18420,-0.100,418.3181,379.3910
18430,-0.100,418.3181,379.3910
18440,-0.100,418.3181,379.3910
18451,-0.100,418.3181,379.3910
18460,-0.100,418.3181,379.3910
18470,-0.100,418.3181,379.3910
18480,-0.100,418.3181,379.3910
18491,-0.100,418.3181,379.3910
18500,-0.200,418.3181,379.3910
18510,-0.200,418.3181,379.3910
18520,-0.200,418.3181,379.3910
18530,-0.200,418.3181,379.3910
18540,-0.200,418.3181,379.3910
18550,-0.200,418.3181,379.3910
18560,-0.200,418.3181,379.3910
18570,-0.200,418.3181,379.3910
18581,-0.200,418.3181,379.3910
18590,-0.200,418.3181,379.3910
18600,-0.200,418.3181,379.3910
18610,-0.200,418.3181,379.3910
18621,-0.200,418.3181,379.3910
18630,-0.200,418.3181,379.3910
18640,-0.200,418.3181,379.3910
18650,-0.200,418.3181,379.3910
18661,-0.200,418.3181,379.3910
18670,-0.200,418.3181,379.3910
18680,-0.200,418.3181,379.3910
18690,-0.200,418.3181,379.3910
18700,-0.200,418.3181,379.3910
18710,-0.200,418.3181,379.3910
18720,-0.200,418.3181,379.3910
18730,-0.200,418.3181,379.3910
18740,-0.200,418.3181,379.3910
18751,-0.200,418.3181,379.3910
18760,-0.200,418.3181,379.3910
18770,-0.200,418.1311,379.3910
18780,-0.200,418.1311,379.3910
18791,-0.200,418.1311,379.3910
18800,-0.200,418.1311,379.3910
18810,-0.200,418.1311,379.3910
18820,-0.200,418.1311,379.3910
18830,-0.200,418.1311,379.3910
18840,-0.200,418.1311,379.3910
18850,-0.200,418.1311,379.3910
18860,-0.200,418.1311,379.3910
18870,-0.200,418.1311,379.3910
18881,-0.200,417.9441,379.3910
18890,-0.200,417.9441,379.3910
18900,-0.200,417.9441,379.3910
18910,-0.200,417.9441,379.3910
18921,-0.200,417.9441,379.3910
18930,-0.200,417.9441,379.3910
18940,-0.200,417.9441,379.3910
18950,-0.200,417.9441,379.3910
18961,-0.200,417.9441,379.3910
18970,-0.200,417.9441,379.3910
18980,-0.200,417.9441,379.3910
18990,-0.200,417.9441,379.3910
19000,-0.200,417.9441,379.3910
19010,-0.200,417.9441,379.3910
19020,-0.200,417.9441,379.3910
19030,-0.200,417.7571,379.3910
19040,-0.200,417.7571,379.3910
19051,-0.200,417.7571,379.3910
19060,-0.200,417.7571,379.3910
19070,-0.200,417.7571,379.3910
19080,-0.200,417.7571,379.3910
19091,-0.200,417.7571,379.3910
19100,-0.200,417.7571,379.3910
19110,-0.200,417.7571,379.3910
19120,-0.200,417.7571,379.3910
19131,-0.200,417.7571,379.3910
19140,-0.200,417.7571,379.3910
19150,-0.200,417.7571,379.3910
19160,-0.200,417.7571,379.3910
19170,-0.200,417.7571,379.3910
19181,-0.200,417.7571,379.3910
19190,-0.200,417.7571,379.3910
19200,-0.200,417.7571,379.3910
19210,-0.200,417.7571,379.3910
19220,-0.200,417.7571,379.3910
19230,-0.200,417.7571,379.3910
19240,-0.200,417.7571,379.3910
19250,-0.200,417.7571,379.3910
19261,-0.200,417.7571,379.3910
19270,-0.200,417.7571,379.3910
19280,-0.200,417.7571,379.3910
19290,-0.200,417.7571,379.3910
19301,-0.200,417.7571,379.3910
19310,-0.200,417.7571,379.3910
19320,-0.200,417.7571,379.3910
19330,-0.200,417.7571,379.3910
19340,-0.200,417.7571,379.3910
19351,-0.200,417.7571,379.3910
19360,-0.200,417.7571,379.3910
19370,-0.200,417.7571,379.3910
19380,-0.200,417.7571,379.3910
19391,-0.200,417.7571,379.3910
19400,-0.200,417.7571,379.3910
19410,-0.200,417.7571,379.3910
19420,-0.200,417.7571,379.3910
19431,-0.200,417.7571,379.3910
19440,-0.200,417.7571,379.3910
19450,-0.200,417.7571,379.3910
19460,-0.200,417.7571,379.3910
19470,-0.200,417.7571,379.3910
19481,-0.200,417.7571,379.3910
19490,-0.200,417.7571,379.3910
19500,-0.200,417.7571,379.3910
19510,-0.200,417.7571,379.3910
19520,-0.200,417.7571,379.3910
19530,-0.200,417.7571,379.3910
19540,-0.200,417.7571,379.3910
19550,-0.200,417.7571,379.3910
19561,-0.200,417.7571,379.3910
19570,-0.200,417.7571,379.3910
19580,-0.200,417.7571,379.3910
19590,-0.200,417.7571,379.3910
19601,-0.200,417.7571,379.3910
19610,-0.200,417.7571,379.3910
19620,-0.200,417.7571,379.3910
19630,-0.200,417.7571,379.3910
19640,-0.200,417.7571,379.3910
19651,-0.200,417.7571,379.3910
19660,-0.200,417.7571,379.3910
19670,-0.200,417.7571,379.3910
19680,-0.200,417.7571,379.3910
19691,-0.200,417.7571,379.3910
19700,-0.200,417.7571,379.3910
19710,-0.200,417.5700,379.3910
19720,-0.200,417.5700,379.3910
19731,-0.200,417.5700,379.3910
19740,-0.200,417.5700,379.3910
19750,-0.200,417.5700,379.3910
19760,-0.200,417.5700,379.3910
19771,-0.200,417.5700,379.3910
19780,-0.200,417.5700,379.3910
19790,-0.200,417.5700,379.3910
19800,-0.200,417.5700,379.3910
19810,-0.200,417.5700,379.3910
19820,-0.200,417.5700,379.3910
19830,-0.200,417.5700,379.3910
19840,-0.200,417.5700,379.3910
19850,-0.200,417.5700,379.3910
19861,-0.200,417.5700,379.3910
19870,-0.200,417.5700,379.3910
19880,-0.200,417.5700,379.3910
19890,-0.200,417.5700,379.3910
19901,-0.200,417.5700,379.3910
19910,-0.200,417.5700,379.3910
19920,-0.200,417.5700,379.3910
19930,-0.200,417.5700,379.3910
19941,-0.200,417.5700,379.3910
19950,-0.200,417.5700,379.3910
19960,-0.200,417.5700,379.3910
19970,-0.200,417.5700,379.3910
19980,-0.200,417.5700,379.3910
19990,-0.200,417.5700,379.3910
20000,-0.300,417.5700,379.3910
20010,-0.300,417.5700,379.3910
20020,-0.300,417.5700,379.3910
20031,-0.300,417.5700,379.3910
20040,-0.300,417.5700,379.3910
20050,-0.300,417.5700,379.3910
20060,-0.300,417.5700,379.3910
20071,-0.300,417.5700,379.3910
20080,-0.300,417.5700,379.3910
20090,-0.300,417.5700,379.3910
20100,-0.300,417.5700,379.3910
20110,-0.300,417.5700,379.3910
20120,-0.300,417.5700,379.3910
20130,-0.300,417.5700,379.3910
20140,-0.300,417.5700,379.3910
20150,-0.300,417.5700,379.3910
20160,-0.300,417.5700,379.3910
20170,-0.300,417.5700,379.3910
20180,-0.300,417.3831,379.3910
20190,-0.300,417.3831,379.3910
20201,-0.300,417.3831,379.3910
20210,-0.300,417.3831,379.3910
20220,-0.300,417.1960,379.3910
20230,-0.300,417.1960,379.3910
20241,-0.300,417.1960,379.3910
20250,-0.300,417.1960,379.3910
20260,-0.300,417.1960,379.3910
20270,-0.300,417.0090,379.3910
20280,-0.300,417.0090,379.3910
20290,-0.300,417.0090,379.3910
20300,-0.300,417.0090,379.3910
20310,-0.300,416.8221,379.3910
20320,-0.300,416.8221,379.3910
20331,-0.300,416.8221,379.3910
20340,-0.300,416.8221,379.3910
20350,-0.300,416.8221,379.3910
20360,-0.300,416.6351,379.3910
20371,-0.300,416.6351,379.3910
20380,-0.300,416.4480,379.3910
20390,-0.300,416.4480,379.3910
20400,-0.300,416.4480,379.3910
20411,-0.300,416.4480,379.3910
20420,-0.300,416.2611,379.3910
20430,-0.300,416.2611,379.3910
20440,-0.300,416.0741,379.3910
20450,-0.300,416.0741,379.3910
20460,-0.300,416.0741,379.3910
20470,-0.300,416.0741,379.3910
20480,-0.300,415.8870,379.3910
20490,-0.300,415.8870,379.3910
20501,-0.300,415.7001,379.3910
20510,-0.300,415.7001,379.3910
20520,-0.300,415.7001,379.3910
20530,-0.300,415.5131,379.3910
20541,-0.300,415.5131,379.3910
20550,-0.300,415.3261,379.3910
20560,-0.300,415.3261,379.3910
20570,-0.300,415.3261,379.3910
20581,-0.300,415.1390,379.3910
20590,-0.300,415.1390,379.3910
20600,-0.300,414.9520,379.3910
20610,-0.300,414.9520,379.3910
20620,-0.300,414.9520,379.3910
20631,-0.300,414.7651,379.3910
20640,-0.300,414.5780,379.3910
20650,-0.300,414.5780,379.3910
20660,-0.300,414.5780,379.3910
20671,-0.300,414.5780,379.3910
20680,-0.300,414.3911,379.3910
20690,-0.300,414.2041,379.3910
20700,-0.300,414.2041,379.3910
20711,-0.300,414.2041,379.3910
20720,-0.300,414.0171,379.3910
20730,-0.300,413.8301,379.3910
20740,-0.300,413.8301,379.3910
20750,-0.300,413.8301,379.3910
20761,-0.300,413.6431,379.3910
20770,-0.300,413.4561,379.3910
20780,-0.300,413.4561,379.3910
20790,-0.300,413.2690,379.3910
20801,-0.300,413.0821,379.3910
20810,-0.300,413.0821,379.3910
20820,-0.300,413.0821,379.3910
20830,-0.300,412.8951,379.3910
20841,-0.300,412.7080,379.3910
20850,-0.300,412.7080,379.3910
20860,-0.300,412.7080,379.3910
20870,-0.300,412.5211,379.3910
20881,-0.300,412.3341,379.3910
20890,-0.300,412.3341,379.3910
20900,-0.300,412.1471,379.3910
20910,-0.300,412.1471,379.3910
20920,-0.300,411.9601,379.3910
20930,-0.300,411.7731,379.3910
20940,-0.300,411.7731,379.3910
20950,-0.300,411.5861,379.3910
20960,-0.300,411.5861,379.3910
20971,-0.300,411.3991,379.3910
20980,-0.300,411.3991,379.3910
20990,-0.300,411.2120,379.3910
21000,-0.300,411.0250,379.3910
21011,-0.300,411.0250,379.3910
21020,-0.300,410.8381,379.3910
21030,-0.300,410.8381,379.3910
21040,-0.300,410.6510,379.3910
21051,-0.300,410.4641,379.3910
21060,-0.300,410.4641,379.3910
21070,-0.300,410.2771,379.3910
21080,-0.300,410.0901,379.3910
21090,-0.300,410.0901,379.3910
21101,-0.300,409.9031,379.3910
21110,-0.300,409.7161,379.3910
21120,-0.300,409.7161,379.3910
21130,-0.300,409.5291,379.3910
21141,-0.300,409.3420,379.3910
21150,-0.300,409.3420,379.3910
21160,-0.300,409.1551,379.3910
21170,-0.300,408.9681,379.3910
21181,-0.300,408.9681,379.3910
21190,-0.300,408.7811,379.3910
21200,-0.300,408.5941,379.3910
21210,-0.300,408.5941,379.3910
21221,-0.300,408.4071,379.3910
21231,-0.300,408.2201,379.3910
21240,-0.300,408.2201,379.3910
21250,-0.300,408.0331,379.3910
21260,-0.300,407.8460,379.3910
21270,-0.300,407.8460,379.3910
21280,-0.300,407.6591,379.3910
21290,-0.300,407.4721,379.3910
21300,-0.300,407.4721,379.3910
21311,-0.300,407.2850,379.3910
21320,-0.300,407.0981,379.3910
21330,-0.300,407.0981,379.3910
21340,-0.300,406.9111,379.3910
21351,-0.300,406.7240,379.3910
21360,-0.300,406.5371,379.3910
21370,-0.300,406.3501,379.3910
21380,-0.300,406.3501,379.3910
21390,-0.300,406.3501,379.3910
21401,-0.300,405.9761,379.3910
21410,-0.300,405.9761,379.3910
21420,-0.300,405.7891,379.3910
21430,-0.300,405.6021,379.3910
21441,-0.300,405.6021,379.3910
21450,-0.300,405.4151,379.3910
21460,-0.300,405.2281,379.3910
21470,-0.300,405.2281,379.3910
21481,-0.300,405.0411,379.3910
21490,-0.300,404.8541,379.3910
21500,-0.400,404.8541,379.3910
21510,-0.400,404.6671,379.3910
21521,-0.400,404.4801,379.3910
21530,-0.400,404.2931,379.3910
21540,-0.400,404.1061,379.3910
21550,-0.400,404.1061,379.3910
21560,-0.400,403.9191,379.3910
21571,-0.400,403.7321,379.3910
21580,-0.400,403.5451,379.3910
21590,-0.400,403.3581,379.3910
21600,-0.400,403.3581,379.3910
21610,-0.400,403.1711,379.3910
21620,-0.400,402.9841,379.3910
21630,-0.400,402.7971,379.3910
21640,-0.400,402.6101,379.3910
21651,-0.400,402.4231,379.3910
21660,-0.400,402.2361,379.3910
21670,-0.400,402.0491,379.3910
21680,-0.400,401.8621,379.3910
21691,-0.400,401.6751,379.3910
21700,-0.400,401.4881,379.3910
21710,-0.400,401.3011,379.3910
21720,-0.400,401.1141,379.3910
21730,-0.400,400.9271,379.3910
21741,-0.400,400.7401,379.3910
21750,-0.400,400.5531,379.3910
21760,-0.400,400.3661,379.3910
21770,-0.400,400.1791,379.3910
21781,-0.400,399.9921,379.3910
21790,-0.400,399.8051,379.3910
21800,-0.400,399.6181,379.3910
21810,-0.400,399.4311,379.3910
21821,-0.400,399.2441,379.3910
21830,-0.400,399.0571,379.3910
21840,-0.400,398.8701,379.3910
21850,-0.400,398.6831,379.3910
21861,-0.400,398.4961,379.1728
21870,-0.400,398.3091,379.1728
21880,-0.400,398.1221,379.1728
21890,-0.400,397.9351,378.9546
21900,-0.400,397.7481,378.9546
21910,-0.400,397.3741,378.9546
21920,-0.400,397.1871,378.9546
21930,-0.400,397.0001,378.7365
21940,-0.400,396.8131,378.5183
21951,-0.400,396.6261,378.5183
21960,-0.400,396.4391,378.5183
21970,-0.400,396.2521,378.5183
21980,-0.400,395.8781,378.3001
21991,-0.400,395.8781,378.3001
22000,-0.400,395.5041,378.0820
22010,-0.400,395.3171,378.0820
22020,-0.400,395.1301,378.0820
22030,-0.400,394.7561,377.8638
22041,-0.400,394.5691,377.8638
22050,-0.400,394.3821,377.6456
22060,-0.400,394.1951,377.6456
22070,-0.400,394.0081,377.6456
22080,-0.400,393.6341,377.4275
22090,-0.400,393.6341,377.4275
22100,-0.400,393.2601,377.2093
22110,-0.400,393.0731,377.2093
22121,-0.400,392.8861,376.9911
22130,-0.400,392.5121,376.9911
22140,-0.400,392.3251,376.7730
22150,-0.400,392.1381,376.7730
22161,-0.400,391.9512,376.5548
22170,-0.400,391.7641,376.5548
22180,-0.400,391.3901,376.3366
22190,-0.400,391.2031,376.3366
22200,-0.400,391.0161,376.1185
22210,-0.400,390.6421,376.1185
22220,-0.400,390.6421,375.9002
22230,-0.400,390.2681,375.9002
22240,-0.400,390.0811,375.6821
22250,-0.400,389.8941,375.6821
22260,-0.400,389.5201,375.4640
22270,-0.400,389.3331,375.2458
22280,-0.400,389.1461,375.2458
22291,-0.400,388.9591,375.0276
22300,-0.400,388.5851,375.0276
22310,-0.400,388.3981,374.8095
22320,-0.400,388.2111,374.8095
22331,-0.400,387.8371,374.5913
22340,-0.400,387.6501,374.3731
22350,-0.400,387.4631,374.3731
22360,-0.400,387.2761,374.1550
22370,-0.400,386.9021,374.1550
22380,-0.400,386.7151,373.9368
22390,-0.400,386.5281,373.7187
22400,-0.400,386.1541,373.7187
22410,-0.400,386.1541,373.5005
22421,-0.400,385.7801,373.2823
22430,-0.400,385.4061,373.2823
22440,-0.400,385.2192,373.0642
22450,-0.400,385.0321,372.8460
22461,-0.400,384.6582,372.8460
22470,-0.400,384.6582,372.6278
22480,-0.400,384.2841,372.4096
22490,-0.400,384.0971,372.4096
22501,-0.400,383.7231,372.1915
22510,-0.400,383.5361,371.9733
22520,-0.400,383.3492,371.9733
22530,-0.400,383.1621,371.7552
22540,-0.400,382.7882,371.5370
22551,-0.400,382.6011,371.5370
22560,-0.400,382.4141,371.1007
22570,-0.400,382.0401,371.1007
22580,-0.400,381.8531,370.8825
22591,-0.400,381.6661,370.6643
22600,-0.400,381.2922,370.6643
22610,-0.400,381.1051,370.4461
22620,-0.400,380.9181,370.2280
22631,-0.400,380.5441,370.2280
22640,-0.400,380.3571,370.0098
22650,-0.400,380.1702,369.7917
22660,-0.400,379.7962,369.7917
22670,-0.400,379.6091,369.3553
22680,-0.400,379.4222,369.3553
22690,-0.400,379.0481,369.1372
22700,-0.400,378.8612,368.9190
22710,-0.400,378.6741,368.9190
22720,-0.400,378.3001,368.7008
22730,-0.400,378.1131,368.4826
22740,-0.400,377.9261,368.2645
22750,-0.400,377.5522,368.0463
22761,-0.400,377.3652,367.8282
22770,-0.400,377.1781,367.6100
22780,-0.400,376.8041,367.3918
22790,-0.400,376.4301,367.1737
22801,-0.400,376.4301,367.1737
22810,-0.400,376.0562,366.9555
22820,-0.400,375.6821,366.7373
22830,-0.400,375.4952,366.5191
22840,-0.400,375.3081,366.3010
22850,-0.400,374.9342,366.3010
22860,-0.400,374.7472,366.0828
22870,-0.400,374.5602,365.8647
22880,-0.400,374.1862,365.6465
22891,-0.400,373.9991,365.4283
22900,-0.400,373.8121,365.2102
22910,-0.400,373.4382,364.9920
22920,-0.400,373.2511,364.7738
22931,-0.400,373.0642,364.5557
22940,-0.400,372.6901,364.5557
22950,-0.400,372.5032,364.3375
22960,-0.400,372.3162,364.1193
22971,-0.400,371.9421,363.9012
22980,-0.400,371.7552,363.6830
22990,-0.400,371.5682,363.6830
23000,-0.500,371.1942,363.2467
23010,-0.500,371.0072,363.2467
23020,-0.500,370.6332,363.0285
23030,-0.500,370.4461,362.8103
23040,-0.500,370.0722,362.5922
23050,-0.500,369.8852,362.3740
23061,-0.500,369.6982,362.1558
23070,-0.500,369.3242,361.9377
23080,-0.500,369.1372,361.7195
23090,-0.500,368.9502,361.5013
23101,-0.500,368.5762,361.2832
23110,-0.500,368.2022,361.0650
23120,-0.500,368.2022,360.8468
23130,-0.500,367.8282,360.6287
23141,-0.500,367.4541,360.1923
23150,-0.500,367.2672,360.1923
23160,-0.500,366.8932,359.9742
23170,-0.500,366.7062,359.7560
23180,-0.500,366.5191,359.3197
23191,-0.500,366.1452,359.3197
23200,-0.500,365.9582,358.8833
23210,-0.500,365.5842,358.8833
23220,-0.500,365.2102,358.4470
23230,-0.500,365.0232,358.4470
23240,-0.500,364.6492,358.0107
23250,-0.500,364.4622,357.7925
23260,-0.500,364.2752,357.5743
23271,-0.500,363.9012,357.3562
23280,-0.500,363.7142,357.1380
23290,-0.500,363.3402,356.7017
23300,-0.500,362.9662,356.7017
23310,-0.500,362.7792,356.2653
23320,-0.500,362.4052,356.0472
23330,-0.500,362.2182,355.8290
23340,-0.500,361.8442,355.6108
23350,-0.500,361.4702,355.3927
23361,-0.500,361.2832,354.9563
23370,-0.500,361.0962,354.7382
23380,-0.500,360.7222,354.5200
23390,-0.500,360.3482,354.3018
23401,-0.500,360.1612,354.0837
23410,-0.500,359.9742,353.6473
23420,-0.500,359.6002,353.4292
23430,-0.500,359.2262,353.2110
23441,-0.500,358.8522,352.9928
23450,-0.500,358.6652,352.7747
23460,-0.500,358.2912,352.3383
23470,-0.500,357.9172,352.1202
23480,-0.500,357.7302,351.9020
23490,-0.500,357.3562,351.6838
23500,-0.500,356.9822,351.4657
23510,-0.500,356.7952,351.0293
23520,-0.500,356.4212,350.8112
23531,-0.500,356.2342,350.5930
23540,-0.500,355.8602,350.1567
23550,-0.500,355.4862,350.1567
23560,-0.500,355.2992,349.7203
23571,-0.500,354.9252,349.5022
23580,-0.500,354.7382,349.2840
23590,-0.500,354.3642,348.8477
23600,-0.500,353.9902,348.6295
23611,-0.500,353.8032,348.4113
23620,-0.500,353.4292,347.9750
23630,-0.500,353.2422,347.9750
23640,-0.500,352.8682,347.5387
23650,-0.500,352.4942,347.1023
23661,-0.500,352.1202,346.8842
23670,-0.500,351.9332,346.6660
23680,-0.500,351.7462,346.4478
23690,-0.500,351.3722,346.2297
23701,-0.500,350.9982,345.7933
23710,-0.500,350.6242,345.5752
23720,-0.500,350.2502,345.3571
23730,-0.500,350.0632,344.9207
23741,-0.500,349.6892,344.7026
23750,-0.500,349.5022,344.4843
23760,-0.500,349.1282,344.2662
23770,-0.500,348.7543,343.8298
23781,-0.500,348.5672,343.6117
23790,-0.500,348.1932,343.3936
23800,-0.500,347.8192,342.9572
23810,-0.500,347.6322,342.7391
23820,-0.500,347.2582,342.5209
23830,-0.500,346.8842,342.0845
23840,-0.500,346.5102,341.8663
23850,-0.500,346.3232,341.4301
23860,-0.500,345.9492,341.2119
23871,-0.500,345.7622,340.9937
23880,-0.500,345.3882,340.7756
23890,-0.500,345.0142,340.3392
23900,-0.500,344.6402,340.1210
23911,-0.500,344.2662,339.6847
23920,-0.500,344.0792,339.6847
23930,-0.500,343.7052,339.2484
23940,-0.500,343.5182,339.0302
23950,-0.500,343.1442,338.8121
23961,-0.500,342.7702,338.3757
23970,-0.500,342.3962,338.1575
23980,-0.500,342.0223,337.9394
23990,-0.500,341.8352,337.5031
24001,-0.500,341.4613,337.2849
24010,-0.500,341.2742,337.0667
24020,-0.500,340.9002,336.6304
24030,-0.500,340.5262,336.4122
24041,-0.500,340.1523,336.1940
24050,-0.500,339.7782,335.7577
24060,-0.500,339.5913,335.5396
24070,-0.500,339.2172,335.1032
24081,-0.500,338.8432,334.8851
24090,-0.500,338.4692,334.6669
24100,-0.500,338.2823,334.2306
24110,-0.500,337.9082,334.0124
24120,-0.500,337.5343,333.7942
24131,-0.500,337.1602,333.5761
24140,-0.500,336.7862,333.1397
24150,-0.500,336.5993,332.9216
24160,-0.500,336.2253,332.7033
24171,-0.500,335.8512,332.2671
24180,-0.500,335.6643,332.0489
24190,-0.500,335.2903,331.8307
24200,-0.500,334.9162,331.3944
24211,-0.500,334.5422,331.1763
24220,-0.500,334.1683,330.9581
24230,-0.500,333.7942,330.5218
24240,-0.500,333.6072,330.3036
24251,-0.500,333.2332,330.0854
24260,-0.500,332.8593,329.6491
24270,-0.500,332.4852,329.4309
24280,-0.500,332.2983,329.2127
24290,-0.500,331.9242,328.7764
24300,-0.500,331.5503,328.5583
24310,-0.500,331.1763,328.3401
24320,-0.500,330.8022,327.9038
24330,-0.500,330.4283,327.6856
24341,-0.500,330.0542,327.4674
24350,-0.500,329.8673,327.0311
24360,-0.500,329.4932,326.8129
24370,-0.500,329.1193,326.5948
24381,-0.500,328.7453,326.1584
24390,-0.500,328.5583,325.9403
24400,-0.500,328.1842,325.7221
24410,-0.500,327.8103,325.2857
24421,-0.500,327.4363,325.0676
24430,-0.500,327.0623,324.8494
24440,-0.500,326.6883,324.6313
24450,-0.500,326.3143,324.1949
24460,-0.500,326.1273,323.9768
24470,-0.500,325.7533,323.7586
24480,-0.500,325.3793,323.3222
24490,-0.500,325.0053,323.1041
24500,-0.600,324.8183,322.6678
24510,-0.600,324.4443,322.6678
24520,-0.600,324.0703,322.2314
24530,-0.600,323.6963,322.0133
24540,-0.600,323.3222,321.7951
24551,-0.600,322.9483,321.3588
24560,-0.600,322.5743,320.9224
24570,-0.600,322.2003,320.7043
24580,-0.600,321.8263,320.4861
24590,-0.600,321.6392,320.0498
24601,-0.600,321.2653,319.8316
24610,-0.600,320.8913,319.6134
24620,-0.600,320.5173,319.3953
24630,-0.600,320.1433,318.9589
24641,-0.600,319.7693,318.7408
24650,-0.600,319.3953,318.3044
24660,-0.600,319.0213,318.0863
24670,-0.600,318.8343,317.8681
24681,-0.600,318.2733,317.4318
24690,-0.600,318.0863,316.9954
24700,-0.600,317.7123,316.9954
24710,-0.600,317.3383,316.5591
24721,-0.600,316.9643,316.1228
24730,-0.600,316.5903,315.9046
24740,-0.600,316.2163,315.6864
24750,-0.600,315.8423,315.2501
24760,-0.600,315.4683,314.8138
24770,-0.600,315.0943,314.5956
24780,-0.600,314.7203,314.3774
24790,-0.600,314.3463,313.9411
24800,-0.600,313.9723,313.7229
24811,-0.600,313.5983,313.2866
24820,-0.600,313.4113,313.0684
24830,-0.600,312.8503,312.6321
24840,-0.600,312.6633,312.4139
24851,-0.600,312.2893,312.1958
24860,-0.600,311.9153,311.7594
24870,-0.600,311.5413,311.3231
24880,-0.600,311.1673,311.1049
24891,-0.600,310.7933,310.8868
24901,-0.600,310.4193,310.4504
24910,-0.600,310.0453,310.0141
24920,-0.600,309.6713,309.7959
24930,-0.600,309.2973,309.5778
24941,-0.600,309.1103,309.1414
24950,-0.600,308.5493,308.7051
24960,-0.600,308.3623,308.4869
24970,-0.600,307.8013,308.0506
24981,-0.600,307.6143,307.8324
24990,-0.600,307.2403,307.3961
25000,-0.600,306.8663,307.1779
25010,-0.600,306.4923,306.9598
25021,-0.600,306.1183,306.5234
25030,-0.600,305.7443,306.0871
25040,-0.600,305.3703,305.8689
25050,-0.600,304.9963,305.6508
25061,-0.600,304.6223,305.2144
25071,-0.600,304.0613,304.7781
25080,-0.600,303.8743,304.3418
25090,-0.600,303.5003,304.1236
25100,-0.600,303.1263,303.6873
25110,-0.600,302.7523,303.4691
25120,-0.600,302.3783,303.0328
25130,-0.600,301.8173,302.8146
25140,-0.600,301.6304,302.3783
25151,-0.600,301.0693,302.1601
25160,-0.600,300.8823,301.7238
25170,-0.600,300.3213,301.5057
25180,-0.600,300.1343,301.0693
25191,-0.600,299.5733,300.8511
25200,-0.600,299.3863,300.4148
25210,-0.600,298.8254,300.1967
25220,-0.600,298.4513,299.7603
25230,-0.600,298.0773,299.5422
25241,-0.600,297.7033,299.1058
25250,-0.600,297.3293,298.8876
25260,-0.600,296.9554,298.4513
25270,-0.600,296.5813,298.2332
25280,-0.600,296.2073,297.7968
25290,-0.600,295.6463,297.3605
25300,-0.600,295.4593,297.1423
25310,-0.600,294.8984,296.7060
25321,-0.600,294.5243,296.4878
25330,-0.600,294.1503,296.0515
25340,-0.600,293.7764,295.6152
25350,-0.600,293.4024,295.3970
25361,-0.600,293.0284,295.1788
25370,-0.600,292.6543,294.7425
25380,-0.600,292.2803,294.3062
25390,-0.600,291.9063,294.0880
25400,-0.600,291.5323,293.6517
25410,-0.600,291.1584,293.4335
25420,-0.600,290.5973,292.9971
25430,-0.600,290.4104,292.7790
25440,-0.600,289.8494,292.3427
25451,-0.600,289.4754,292.1245
25460,-0.600,289.1014,291.6882
25470,-0.600,288.7273,291.2518
25480,-0.600,288.1664,291.0337
25491,-0.600,287.7924,290.5973
25500,-0.600,287.4183,290.3792
25510,-0.600,287.0444,289.9428
25520,-0.600,286.6704,289.7247
25531,-0.600,286.2963,289.2883
25540,-0.600,285.9223,289.0702
25550,-0.600,285.3614,288.6338
25560,-0.600,284.9873,288.4157
25570,-0.600,284.6134,287.9794
25581,-0.600,284.2394,287.7612
25590,-0.600,283.8654,287.3248
25600,-0.600,283.4914,286.8885
25610,-0.600,282.9304,286.6704
25621,-0.600,282.5563,286.4522
25630,-0.600,282.1824,286.0158
25640,-0.600,281.8084,285.5795
25650,-0.600,281.4344,285.1432
25661,-0.600,281.0604,284.9250
25670,-0.600,280.6864,284.7069
25680,-0.600,280.1253,284.2705
25690,-0.600,279.9384,283.8341
25701,-0.600,279.3774,283.6160
25710,-0.600,279.0034,283.1797
25720,-0.600,278.6294,282.9615
25730,-0.600,278.2554,282.5252
25740,-0.600,277.6944,282.0888
25750,-0.600,277.3204,281.8707
25760,-0.600,276.9464,281.6525
25770,-0.600,276.5724,281.2162
25780,-0.600,276.1984,280.7799
25790,-0.600,275.8244,280.5617
25800,-0.600,275.4504,280.1253
25810,-0.600,274.8894,279.9072
25820,-0.600,274.5154,279.4709
25831,-0.600,274.1414,279.0345
25840,-0.600,273.7674,278.8164
25850,-0.600,273.2064,278.5982
25860,-0.600,272.8324,278.1618
25870,-0.600,272.4584,277.7255
25880,-0.600,272.0844,277.5074
25890,-0.600,271.7104,277.0710
25900,-0.600,271.3364,276.8529
25910,-0.600,270.9624,276.4165
25921,-0.600,270.5884,275.9802
25930,-0.600,270.2144,275.7620
25940,-0.600,269.6534,275.5439
25950,-0.600,269.2794,275.1075
25961,-0.600,268.9054,274.6712
25970,-0.600,268.5314,274.4530
25980,-0.600,267.9704,274.2349
25990,-0.600,267.5964,273.7985
26001,-0.700,267.2224,273.3622
26010,-0.700,266.8484,272.9259
26020,-0.700,266.4744,272.7077
26030,-0.700,266.1004,272.2714
26040,-0.700,265.7264,272.0532
26051,-0.700,265.1654,271.6169
26060,-0.700,264.7914,271.3987
26070,-0.700,264.4174,270.9624
26080,-0.700,264.0434,270.5260
26091,-0.700,263.4824,270.3079
26100,-0.700,263.1084,269.8715
26110,-0.700,262.7344,269.6534
26120,-0.700,262.3604,269.2171
26131,-0.700,261.9864,268.9989
26140,-0.700,261.6124,268.5625
26150,-0.700,261.2384,268.1262
26160,-0.700,260.6774,267.9081
26171,-0.700,260.3034,267.6899
26180,-0.700,259.7424,267.2536
26190,-0.700,259.3684,266.8172
26200,-0.700,258.9944,266.3809
26210,-0.700,258.6204,266.1627
26220,-0.700,258.2464,265.9446
26230,-0.700,257.6854,265.5082
26240,-0.700,257.3114,265.0719
26250,-0.700,256.7504,264.6356
26261,-0.700,256.3764,264.4174
26270,-0.700,256.0024,264.1992
26280,-0.700,255.6284,263.7629
26290,-0.700,255.2544,263.3265
26301,-0.700,254.8804,263.1084
26310,-0.700,254.5064,262.6721
26320,-0.700,253.9454,262.4539
26330,-0.700,253.5714,262.0176
26341,-0.700,253.0104,261.5812
26350,-0.700,252.6364,261.3631
26360,-0.700,252.2624,260.9267
26370,-0.700,251.8884,260.7086
26380,-0.700,251.5144,260.2722
26391,-0.700,250.9534,259.8359
26400,-0.700,250.5794,259.6177
26410,-0.700,250.2054,259.1814
26420,-0.700,249.8314,258.9632
26431,-0.700,249.2704,258.5269
26440,-0.700,248.8964,258.0906
26450,-0.700,248.5224,257.6542
26460,-0.700,247.9614,257.4361
26471,-0.700,247.7744,257.2179
26480,-0.700,247.2134,256.7816
26490,-0.700,246.8394,256.3452
26500,-0.700,246.4654,256.1271
26510,-0.700,245.9044,255.6907
26521,-0.700,245.5304,255.4726
26530,-0.700,245.1564,255.0362
26540,-0.700,244.7824,254.5999
26550,-0.700,244.4084,254.1636
26560,-0.700,244.0344,253.9454
26570,-0.700,243.4734,253.7272
26580,-0.700,243.0995,253.2909
26590,-0.700,242.5384,252.8546
26601,-0.700,242.1644,252.6364
26610,-0.700,241.7904,252.2001
26620,-0.700,241.4165,251.7637
26630,-0.700,241.0425,251.5456
26641,-0.700,240.4815,251.1092
26650,-0.700,240.1074,250.8911
26660,-0.700,239.7334,250.4547
26670,-0.700,239.3594,250.2366
26680,-0.700,238.7985,249.8002
26690,-0.700,238.4244,249.3639
26700,-0.700,238.0504,249.1457
26710,-0.700,237.6764,248.7094
26720,-0.700,237.3024,248.4912
26731,-0.700,236.7414,248.0549
26740,-0.700,236.3675,247.6186
26750,-0.700,235.9934,247.1822
26760,-0.700,235.4324,246.9641
26771,-0.700,235.0585,246.7459
26780,-0.700,234.6845,246.3096
26790,-0.700,234.3105,245.8733
26800,-0.700,233.9365,245.4369
26811,-0.700,233.5625,245.2187
26820,-0.700,233.0014,245.0006
26830,-0.700,232.6275,244.5642
26840,-0.700,232.2535,244.1279
26850,-0.700,231.6925,243.9098
26861,-0.700,231.3185,243.6916
26870,-0.700,230.9445,243.2552
26880,-0.700,230.5705,242.8189
26890,-0.700,230.0095,242.3826
26901,-0.700,229.6355,242.1644
26910,-0.700,229.2615,241.7281
26920,-0.700,228.8875,241.5099
26930,-0.700,228.3265,241.0736
26941,-0.700,227.9525,240.6372
26950,-0.700,227.5785,240.4191
26960,-0.700,227.2045,239.9828
26970,-0.700,226.8305,239.7646
26981,-0.700,226.2695,239.3283
26990,-0.700,225.8955,238.8919
27000,-0.700,225.5215,238.6737
27010,-0.700,224.9605,238.2375
27020,-0.700,224.5865,238.0193
27030,-0.700,224.2125,237.5829
27040,-0.700,223.8385,237.3648
27050,-0.700,223.2775,236.9284
27060,-0.700,222.9035,236.7103
27071,-0.700,222.5295,236.2740
27080,-0.700,222.1555,235.8376
27090,-0.700,221.5945,235.6195
27100,-0.700,221.2205,235.1831
27111,-0.700,220.8465,234.9649
27120,-0.700,220.4725,234.5286
27130,-0.700,220.0985,234.0923
27140,-0.700,219.5375,233.6560
27150,-0.700,219.1635,233.4378
27160,-0.700,218.7895,233.2196
27170,-0.700,218.4155,232.7833
27180,-0.700,217.8545,232.3470
27190,-0.700,217.4805,232.1288
27201,-0.700,217.1065,231.6925
27210,-0.700,216.7325,231.4743
27220,-0.700,216.3585,231.0380
27230,-0.700,215.7975,230.6016
27241,-0.700,215.4235,230.3835
27250,-0.700,214.8625,229.9471
27260,-0.700,214.6755,229.7290
27270,-0.700,214.1145,229.2926
27281,-0.700,213.7405,229.0745
27290,-0.700,213.3665,228.6381
27300,-0.700,212.8055,228.4200
27310,-0.700,212.4315,227.9836
27320,-0.700,212.0575,227.5473
27331,-0.700,211.6835,227.1110
27340,-0.700,211.1225,226.8928
27350,-0.700,210.7485,226.6746
27360,-0.700,210.3745,226.2383
27370,-0.700,210.0005,225.8020
27380,-0.700,209.6265,225.5838
27390,-0.700,209.0655,225.1475
27400,-0.700,208.6915,224.9293
27411,-0.700,208.3175,224.4930
27420,-0.700,207.9435,224.0566
27430,-0.700,207.3825,223.8385
27440,-0.700,207.0085,223.6203
27451,-0.700,206.6345,223.1840
27460,-0.700,206.2605,222.7476
27470,-0.700,205.6995,222.3113
27480,-0.700,205.3255,222.0932
27490,-0.700,204.9515,221.6568
27501,-0.800,204.5775,221.4387
27510,-0.800,204.0165,221.0023
27520,-0.800,203.6425,220.5660
27530,-0.800,203.2685,220.1296
27541,-0.800,202.8945,219.9115
27550,-0.800,202.3335,219.4752
27560,-0.800,201.9595,219.2570
27570,-0.800,201.5855,218.8207
27581,-0.800,201.2115,218.3843
27590,-0.800,200.6505,218.1661
27600,-0.800,200.2765,217.7298
27610,-0.800,199.9026,217.5117
27621,-0.800,199.5285,217.0753
27630,-0.800,199.1546,216.6390
27640,-0.800,198.5935,216.2027
27650,-0.800,198.2196,215.7663
27660,-0.800,197.6585,215.5482
27670,-0.800,197.2846,215.1118
27680,-0.800,196.9105,214.8937
27690,-0.800,196.5366,214.4573
27700,-0.800,196.1625,214.0210
27711,-0.800,195.6016,213.5847
27720,-0.800,195.2276,213.1483
27730,-0.800,194.6666,212.9302
27740,-0.800,194.2926,212.4938
27751,-0.800,193.9186,212.2757
27760,-0.800,193.5445,211.8393
27770,-0.800,193.1706,211.4030
27780,-0.800,192.6096,210.9667
27790,-0.800,192.2355,210.5303
27800,-0.800,191.6746,210.0940
27810,-0.800,191.3006,209.6577
27820,-0.800,190.9266,209.4395
27830,-0.800,190.5526,209.0032
27840,-0.800,190.1786,208.5668
27850,-0.800,189.6175,208.1305
27860,-0.800,189.2436,207.6942
27870,-0.800,188.6826,207.4760
27881,-0.800,188.3085,207.0397
27890,-0.800,187.9346,206.6033
27900,-0.800,187.3736,206.1670
27910,-0.800,186.9996,205.7307
27921,-0.800,186.6256,205.5125
27930,-0.800,186.0646,205.0762
27940,-0.800,185.6906,204.6398
27950,-0.800,185.3166,204.2035
27960,-0.800,184.9426,203.9853
27971,-0.800,184.3816,203.5490
27980,-0.800,184.0076,203.1127
27990,-0.800,183.4466,202.6764
28000,-0.800,183.0726,202.2400
28010,-0.800,182.6986,201.8037
28020,-0.800,182.1376,201.3673
28030,-0.800,181.7636,201.1492
28040,-0.800,181.2026,200.7128
28051,-0.800,180.8286,200.2765
28060,-0.800,180.4546,199.8402
28070,-0.800,179.8936,199.6220
28080,-0.800,179.5196,199.1857
28091,-0.800,178.9586,198.7493
28100,-0.800,178.5846,198.3130
28110,-0.800,178.2106,197.8767
28120,-0.800,177.6496,197.4404
28130,-0.800,177.2756,197.2222
28141,-0.800,176.7146,196.7859
28150,-0.800,176.3406,196.3495
28160,-0.800,175.9666,195.9132
28170,-0.800,175.4056,195.6950
28181,-0.800,174.8446,195.2587
28190,-0.800,174.4706,194.8224
28200,-0.800,173.9096,194.3860
28210,-0.800,173.5356,193.9497
28221,-0.800,172.9746,193.7315
28230,-0.800,172.6006,193.2952
28240,-0.800,172.2266,192.8589
28250,-0.800,171.6656,192.4226
28261,-0.800,171.2916,192.2044
28271,-0.800,170.7306,191.7681
28280,-0.800,170.3566,191.3317
28290,-0.800,169.7956,190.8954
28300,-0.800,169.2346,190.4591
28310,-0.800,168.8606,190.0227
28320,-0.800,168.2996,189.5864
28330,-0.800,167.9256,189.1501
28340,-0.800,167.3646,188.7137
28350,-0.800,166.9906,188.4956
28360,-0.800,166.4296,188.0592
28370,-0.800,166.0556,187.6229
28380,-0.800,165.4946,187.4047
28391,-0.800,165.1206,186.9684
28400,-0.800,164.7466,186.5321
28410,-0.800,164.1856,186.0957
28420,-0.800,163.6246,185.6594
28430,-0.800,163.2506,185.2231
28441,-0.800,162.6896,185.0049
28450,-0.800,162.1286,184.5686
28460,-0.800,161.7546,184.1322
28470,-0.800,161.3806,183.6959
28481,-0.800,160.8196,183.2596
28490,-0.800,160.2586,183.0414
28500,-0.800,159.8846,182.6051
28510,-0.800,159.3236,182.1687
28521,-0.800,158.9496,181.7324
28530,-0.800,158.3886,181.2961
28540,-0.800,158.0146,180.8597
28550,-0.800,157.4536,180.6416
28561,-0.800,157.0796,180.2052
28570,-0.800,156.5186,179.7689
28580,-0.800,155.9577,179.3326
28590,-0.800,155.5836,178.8963
28600,-0.800,155.0227,178.6781
28610,-0.800,154.6486,178.2418
28620,-0.800,154.0877,177.8054
28630,-0.800,153.5267,177.3691
28640,-0.800,153.1526,176.9328
28650,-0.800,152.7787,176.4964
28660,-0.800,152.2176,176.2783
28670,-0.800,151.6566,175.8419
28680,-0.800,151.2826,175.4056
28691,-0.800,150.7217,175.1874
28700,-0.800,150.3476,174.7511
28710,-0.800,149.7867,174.3148
28720,-0.800,149.2257,173.8784
28731,-0.800,148.8517,173.4421
28740,-0.800,148.2907,173.0058
28750,-0.800,147.9167,172.7876
28760,-0.800,147.3557,172.1331
28770,-0.800,146.9817,171.9149
28781,-0.800,146.4207,171.4786
28790,-0.800,146.0467,171.2604
28800,-0.800,145.4857,170.8241
28810,-0.800,144.9247,170.3878
28821,-0.800,144.5507,169.9514
28830,-0.800,143.9897,169.5151
28840,-0.800,143.6157,169.0788
28850,-0.800,143.0547,168.6424
28861,-0.800,142.4937,168.4243
28870,-0.800,142.1197,167.9879
28880,-0.800,141.5587,167.5516
28890,-0.800,141.1847,167.1153
28901,-0.800,140.8107,166.6789
28910,-0.800,140.2497,166.4608
28920,-0.800,139.6887,166.0244
28930,-0.800,139.3147,165.5881
28940,-0.800,138.7537,165.1518
28951,-0.800,138.3797,164.7154
28960,-0.800,137.8187,164.2791
28970,-0.800,137.2577,164.0609
28980,-0.800,136.8837,163.6246
28991,-0.800,136.3227,163.1883
29000,-0.900,135.9487,162.9701
29010,-0.900,135.5747,162.5338
29020,-0.900,134.8267,162.0974
29031,-0.900,134.4527,161.6611
29040,-0.900,134.0787,161.2248
29050,-0.900,133.5177,160.7884
29060,-0.900,132.9567,160.3521
29070,-0.900,132.5827,159.9158
29080,-0.900,132.0217,159.6976
29090,-0.900,131.6477,159.2613
29100,-0.900,131.0867,158.8249
29110,-0.900,130.5257,158.3886
29120,-0.900,130.1517,157.9523
29130,-0.900,129.5907,157.7341
29140,-0.900,129.2167,157.2978
29150,-0.900,128.6557,156.8614
29161,-0.900,128.0947,156.4251
29170,-0.900,127.7207,155.9888
29180,-0.900,127.1597,155.7706
29190,-0.900,126.5987,155.3343
29201,-0.900,126.2247,154.8979
29210,-0.900,125.8507,154.4617
29220,-0.900,125.1027,154.0253
29230,-0.900,124.7287,153.8071
29240,-0.900,124.1677,153.3708
29250,-0.900,123.6067,152.9345
29260,-0.900,123.2327,152.4981
29270,-0.900,122.6717,152.0618
29280,-0.900,122.2977,151.6255
29291,-0.900,121.7367,151.1891
29300,-0.900,121.3627,150.7528
29310,-0.900,120.8017,150.5346
29320,-0.900,120.2407,150.0983
29331,-0.900,119.8667,149.8801
29340,-0.900,119.3057,149.4438
29350,-0.900,118.7447,149.0075
29360,-0.900,118.3707,148.5712
29371,-0.900,117.8097,148.1348
29380,-0.900,117.2487,147.6985
29390,-0.900,116.8747,147.2622
29400,-0.900,116.3137,146.8258
29410,-0.900,115.7527,146.6077
29421,-0.900,115.3787,146.1713
29430,-0.900,114.8178,145.7350
29440,-0.900,114.2567,145.2987
29450,-0.900,113.8827,144.8623
29460,-0.900,113.3218,144.6442
29470,-0.900,112.7607,144.2078
29480,-0.900,112.3868,143.7715
29490,-0.900,111.8257,143.3352
29501,-0.900,111.2648,142.8988
29510,-0.900,110.8908,142.4625
29520,-0.900,110.3298,142.2443
29530,-0.900,109.7688,141.8080
29541,-0.900,109.3948,141.3717
29550,-0.900,108.8338,140.9353
29560,-0.900,108.4598,140.7172
29570,-0.900,107.8988,140.2808
29580,-0.900,107.3378,139.8445
29591,-0.900,106.9638,139.4082
29600,-0.900,106.4028,138.9718
29610,-0.900,105.8418,138.5355
29620,-0.900,105.2807,138.0992
29631,-0.900,104.9068,137.8810
29640,-0.900,104.3458,137.4447
29650,-0.900,103.9718,137.0083
29660,-0.900,103.4108,136.5720
29671,-0.900,102.8498,136.1357
29680,-0.900,102.4758,135.9175
29690,-0.900,101.9148,135.4812
29700,-0.900,101.3538,135.0448
29710,-0.900,100.9798,134.6085
29720,-0.900,100.4188,134.1722
29730,-0.900,100.0448,133.7359
29740,-0.900,99.4838,133.5177
29750,-0.900,98.9228,133.0813
29761,-0.900,98.3618,132.6450
29770,-0.900,97.9878,132.2087
29780,-0.900,97.4268,131.7723
29790,-0.900,96.8658,131.5542
29801,-0.900,96.4918,131.1178
29810,-0.900,95.9308,130.6815
29820,-0.900,95.3698,130.2452
29830,-0.900,94.9958,129.8089
29841,-0.900,94.4348,129.3725
29850,-0.900,93.8738,129.1544
29860,-0.900,93.4998,128.7180
29870,-0.900,92.9388,128.2817
29880,-0.900,92.3778,127.8454
29890,-0.900,92.0038,127.6272
29900,-0.900,91.4428,126.9727
29910,-0.900,91.0688,126.7545
29920,-0.900,90.5078,126.3182
29930,-0.900,89.9468,125.8819
29940,-0.900,89.5728,125.4456
29950,-0.900,89.0118,125.0092
29960,-0.900,88.4508,124.7910
29971,-0.900,87.8898,124.3547
29980,-0.900,87.5158,123.9184
29990,-0.900,86.9548,123.4821
30000,-0.900,86.3938,123.2639
30011,-0.900,86.0198,122.8275
30020,-0.900,85.4588,122.3912
30030,-0.900,84.8978,121.9549
30040,-0.900,84.5238,121.5186
30050,-0.900,83.9628,121.0822
30061,-0.900,83.4018,120.6459
30070,-0.900,83.0278,120.4277
30080,-0.900,82.4668,119.7732
30090,-0.900,82.0928,119.5551
30101,-0.900,81.5318,119.1187
30110,-0.900,80.9708,118.9006
30120,-0.900,80.4098,118.4642
30130,-0.900,80.0358,118.0279
30141,-0.900,79.4748,117.5916
30150,-0.900,78.9138,117.1552
30160,-0.900,78.5398,116.7189
30170,-0.900,77.9788,116.2826
30181,-0.900,77.4178,115.8462
30190,-0.900,77.0438,115.4099
30200,-0.900,76.4828,115.1917
30210,-0.900,75.9218,114.7554
30220,-0.900,75.5478,114.3191
30230,-0.900,74.9868,113.8827
30240,-0.900,74.4258,113.6646
30250,-0.900,74.0518,113.2282
30260,-0.900,73.4908,112.7919
30271,-0.900,73.1168,112.3556
30280,-0.900,72.5558,111.9192
30290,-0.900,71.9948,111.7011
30300,-0.900,71.9948,111.2648
30311,-0.900,71.4338,110.8284
30320,-0.900,70.8728,110.3921
30330,-0.900,70.3118,109.9558
30340,-0.900,69.9378,109.7376
30350,-0.900,69.3768,109.3013
30360,-0.900,68.8158,108.8649
30370,-0.900,68.4418,108.4286
30380,-0.900,67.8808,107.9923
30390,-0.900,67.5068,107.5559
30400,-0.900,66.9458,107.1196
30410,-0.900,66.3849,106.9014
30420,-0.900,66.0109,106.4651
30430,-0.900,65.4499,106.0288
30440,-0.900,64.8889,105.5924
30450,-0.900,64.5149,105.1561
30460,-0.900,63.9539,104.7198
30470,-0.900,63.3929,104.5016
30481,-0.900,63.0189,104.0653
30491,-0.900,62.4579,103.6289
30500,-1.000,61.8969,103.1926
30510,-1.000,61.3359,102.7563
30520,-1.000,60.9619,102.3199
30531,-1.000,60.4009,102.1018
30540,-1.000,59.8399,101.6654
30550,-1.000,59.4659,101.2291
30560,-1.000,58.9049,100.7928
30571,-1.000,58.5309,100.3564
30580,-1.000,57.9699,100.1383
30590,-1.000,57.4089,99.7019
30600,-1.000,56.8479,99.2656
30611,-1.000,56.4739,98.8293
30620,-1.000,55.9129,98.3929
30630,-1.000,55.3519,97.9566
30640,-1.000,54.9779,97.5203
30651,-1.000,54.4169,97.0839
30660,-1.000,53.8559,96.8658
30670,-1.000,53.4819,96.4294
30680,-1.000,52.9209,95.9931
30690,-1.000,52.3599,95.5568
30700,-1.000,51.7989,95.1204
30710,-1.000,51.4249,94.6841
30720,-1.000,50.8639,94.4659
30730,-1.000,50.3029,94.0296
30741,-1.000,49.9289,93.5933
30750,-1.000,49.1809,93.1569
30760,-1.000,48.8069,92.7206
30770,-1.000,48.4329,92.5024
30781,-1.000,47.6849,92.0661
30790,-1.000,47.3109,91.6298
30800,-1.000,46.9369,91.1934
30810,-1.000,46.5629,90.7571
30821,-1.000,46.1889,90.3208
30830,-1.000,45.6279,89.8845
30840,-1.000,45.0669,89.6663
30850,-1.000,44.5059,89.2300
30860,-1.000,44.1319,88.7936
30870,-1.000,43.5709,88.3573
30880,-1.000,43.0099,87.9210
30890,-1.000,42.6359,87.4846
30900,-1.000,42.0749,87.0483
30911,-1.000,41.5139,86.6120
30920,-1.000,41.1399,86.3938
30930,-1.000,40.5789,85.9575
30940,-1.000,40.0179,85.5211
30951,-1.000,39.6439,85.0848
30960,-1.000,39.0829,84.6485
30970,-1.000,38.5219,84.2121
30980,-1.000,37.9609,83.7758
30990,-1.000,37.5869,83.3395
31000,-1.000,37.0259,83.1213
31010,-1.000,36.4649,82.6850
31020,-1.000,36.0909,82.2486
31030,-1.000,35.5299,81.8123
31040,-1.000,34.9689,81.3760
31050,-1.000,34.4079,80.9396
31060,-1.000,33.8469,80.5033
31070,-1.000,33.4729,80.2852
31081,-1.000,32.9119,79.8488
31090,-1.000,32.3509,79.4125
31100,-1.000,31.9769,78.9762
31110,-1.000,31.4159,78.5398
31121,-1.000,30.8549,78.1035
31130,-1.000,30.2939,77.8853
31140,-1.000,29.9199,77.4490
31150,-1.000,29.3589,77.0127
31160,-1.000,28.9849,76.5763
31171,-1.000,28.4239,76.1400
31180,-1.000,27.8629,75.7037
31190,-1.000,27.3019,75.2673
31200,-1.000,26.9279,74.8310
31211,-1.000,26.3669,74.3947
31220,-1.000,25.8059,74.1765
31230,-1.000,25.2449,73.7402
31240,-1.000,24.8709,73.3038
31251,-1.000,24.3099,72.8675
31260,-1.000,23.7489,72.4312
31270,-1.000,23.3749,71.9948
31280,-1.000,22.8139,71.5585
31291,-1.000,22.2529,71.3403
31300,-1.000,21.8790,70.9040
31310,-1.000,21.3180,70.4677
31320,-1.000,20.7569,70.0313
31330,-1.000,20.3830,69.5950
31340,-1.000,19.6350,69.1587
31350,-1.000,19.2610,68.7223
31360,-1.000,18.8870,68.5042
31370,-1.000,18.1390,68.0678
31381,-1.000,17.7650,67.6315
31390,-1.000,17.2040,67.1952
31400,-1.000,16.6430,66.7588
31410,-1.000,16.2690,66.5407
31421,-1.000,15.7080,66.1044
31430,-1.000,15.1470,65.6680
31440,-1.000,14.5860,65.2317
31450,-1.000,14.2120,64.7954
31461,-1.000,13.6510,64.3590
31470,-1.000,13.0900,63.9227
31480,-1.000,12.7160,63.4864
31490,-1.000,12.1550,63.0500
31500,-1.000,11.5940,62.6137
31510,-1.000,11.0330,62.1774
31520,-1.000,10.6590,61.9592
31530,-1.000,10.0980,61.5229
31540,-1.000,9.5370,61.0865
31551,-1.000,9.1630,60.6502
31560,-1.000,8.6020,60.2139
31570,-1.000,8.0410,59.7775
31580,-1.000,7.6670,59.3412
31591,-1.000,7.1060,58.9049
31600,-1.000,6.5450,58.6867
31610,-1.000,5.9840,58.2504
31620,-1.000,5.4230,57.8140
31630,-1.000,5.0490,57.3777
31640,-1.000,4.4880,56.9414
31650,-1.000,3.9270,56.5050
31660,-1.000,3.5530,56.0687
31670,-1.000,2.9920,55.6324
31680,-1.000,2.4310,55.4142
31690,-1.000,2.0570,54.9779
31700,-1.000,1.4960,54.5415
31710,-1.000,0.9350,54.1052
31721,-1.000,0.5610,53.6689
31730,-1.000,0.0000,53.2325
31740,-1.000,-0.5610,52.7962
31750,-1.000,-1.1220,52.3599
31761,-1.000,-1.4960,52.1417
31770,-1.000,-2.0570,51.7054
31780,-1.000,-2.6180,51.2691
31790,-1.000,-2.9920,50.8327
31800,-1.000,-3.5530,50.3964
31811,-1.000,-4.1140,49.9601
31820,-1.000,-4.6750,49.5237
31830,-1.000,-5.0490,49.0874
31840,-1.000,-5.6100,48.8692
31850,-1.000,-6.1710,48.4329
31860,-1.000,-6.5450,47.9966
31870,-1.000,-7.2930,47.5602
31880,-1.000,-7.6670,47.1239
31891,-1.000,-8.0410,46.9057
31900,-1.000,-8.7890,46.4694
31910,-1.000,-9.1630,46.0331
31920,-1.000,-9.7240,45.5967
31931,-1.000,-10.2850,45.1604
31940,-1.000,-10.6590,44.7241
31950,-1.000,-11.2200,44.2877
31960,-1.000,-11.7810,43.8514
31970,-1.000,-12.3420,43.4151
31980,-1.000,-12.7160,43.1969
31990,-1.000,-13.2770,42.7606
32000,0.000,-13.8380,42.3242
32010,0.000,-14.2120,41.8879
32021,0.000,-14.7730,41.4516
32030,0.000,-15.1470,41.2334
32040,0.000,-15.5210,40.7971
32050,0.000,-15.8950,40.3607
32061,0.000,-16.2690,40.1426
32070,0.000,-16.6430,39.7062
32080,0.000,-17.0170,39.4881
32090,0.000,-17.3910,39.2699
32101,0.000,-17.5780,39.0517
32110,0.000,-17.7650,38.8336
32120,0.000,-18.1390,38.6154
32130,0.000,-18.3260,38.3972
32140,0.000,-18.5130,38.1791
32151,0.000,-18.7000,38.1791
32160,0.000,-18.8870,37.9609
32170,0.000,-18.8870,37.7427
32180,0.000,-19.0740,37.7427
32191,0.000,-19.2610,37.7427
32200,0.000,-19.2610,37.5246
32210,0.000,-19.4480,37.5246
32220,0.000,-19.4480,37.3064
32231,0.000,-19.6350,37.3064
32240,0.000,-19.6350,37.3064
32250,0.000,-19.6350,37.3064
32260,0.000,-19.8220,37.3064
32270,0.000,-19.8220,37.3064
32280,0.000,-19.8220,37.3064
32290,0.000,-19.8220,37.3064
32300,0.000,-19.8220,37.3064
32310,0.000,-19.8220,37.3064
32321,0.000,-19.8220,37.3064
32330,0.000,-19.8220,37.3064
32340,0.000,-19.8220,37.3064
32350,0.000,-19.8220,37.3064
32361,0.000,-19.8220,37.3064
32370,0.000,-19.8220,37.3064
32380,0.000,-19.8220,37.3064
32390,0.000,-19.8220,37.3064
32401,0.000,-19.8220,37.3064
32410,0.000,-19.8220,37.3064
32420,0.000,-19.8220,37.3064
32430,0.000,-19.8220,37.3064
32440,0.000,-19.8220,37.3064
32450,0.000,-19.8220,37.3064
32460,0.000,-19.8220,37.3064
32470,0.000,-19.8220,37.3064
32480,0.000,-19.8220,37.3064
32491,0.000,-19.8220,37.3064
32500,0.000,-19.8220,37.3064
32510,0.000,-19.8220,37.3064
32520,0.000,-19.8220,37.3064
32531,0.000,-19.8220,37.3064
32540,0.000,-19.8220,37.3064
32550,0.000,-19.8220,37.3064
32560,0.000,-19.8220,37.3064
32571,0.000,-19.8220,37.3064
32580,0.000,-19.8220,37.3064
32590,0.000,-19.8220,37.3064
32600,0.000,-19.8220,37.3064
32610,0.000,-19.8220,37.3064
32621,0.000,-19.8220,37.3064
32630,0.000,-19.8220,37.3064
32640,0.000,-19.8220,37.3064
32650,0.000,-19.8220,37.3064
32661,0.000,-19.8220,37.3064
32670,0.000,-19.8220,37.3064
32680,0.000,-19.8220,37.3064
32690,0.000,-19.8220,37.3064
32701,0.000,-19.8220,37.3064
32710,0.000,-19.8220,37.3064
32720,0.000,-19.8220,37.3064
32730,0.000,-19.8220,37.3064
32741,0.000,-19.8220,37.3064
32750,0.000,-19.8220,37.3064
32760,0.000,-19.8220,37.3064
32770,0.000,-19.8220,37.3064
32780,0.000,-19.8220,37.3064
32791,0.000,-19.8220,37.3064
32800,0.000,-19.8220,37.3064
32810,0.000,-19.8220,37.3064
32820,0.000,-19.8220,37.3064
32831,0.000,-19.8220,37.3064
32840,0.000,-19.8220,37.3064
32850,0.000,-19.8220,37.3064
32860,0.000,-19.8220,37.3064
32871,0.000,-19.8220,37.3064
32880,0.000,-19.8220,37.3064
32890,0.000,-19.8220,37.3064
32900,0.000,-19.8220,37.3064
32910,0.000,-19.8220,37.3064
32920,0.000,-19.8220,37.3064
32930,0.000,-19.8220,37.3064
32940,0.000,-19.8220,37.3064
32950,0.000,-19.8220,37.3064
32960,0.000,-19.8220,37.3064
32970,0.000,-19.8220,37.3064
32980,0.000,-19.8220,37.3064
32990,0.000,-19.8220,37.3064
33001,0.600,-19.8220,37.3064
33010,0.600,-19.8220,37.3064
33020,0.600,-19.8220,37.3064
33030,0.600,-19.8220,37.3064
33041,0.600,-19.8220,37.3064
33050,0.600,-19.8220,37.3064
33060,0.600,-19.8220,37.3064
33070,0.600,-19.8220,37.3064
33080,0.600,-19.8220,37.3064
33090,0.600,-19.8220,37.3064
33100,0.600,-19.6350,37.3064
33110,0.600,-19.6350,37.3064
33120,0.600,-19.6350,37.3064
33131,0.600,-19.4480,37.3064
33140,0.600,-19.4480,37.3064
33150,0.600,-19.2610,37.5246
33160,0.600,-19.2610,37.5246
33171,0.600,-19.0740,37.7427
33180,0.600,-18.8870,37.7427
33190,0.600,-18.8870,37.9609
33200,0.600,-18.7000,37.9609
33211,0.600,-18.5130,38.1791
33220,0.600,-18.5130,38.1791
33230,0.600,-18.3260,38.3972
33240,0.600,-18.1390,38.6154
33250,0.600,-18.1390,38.6154
33260,0.600,-17.9520,38.8336
33270,0.600,-17.7650,39.0517
33280,0.600,-17.7650,39.0517
33290,0.600,-17.3910,39.2699
33300,0.600,-17.3910,39.4881
33310,0.600,-17.0170,39.7062
33320,0.600,-17.0170,39.9244
33330,0.600,-16.8300,39.9244
33341,0.600,-16.6430,40.1426
33350,0.600,-16.4560,40.3607
33360,0.600,-16.2690,40.5789
33370,0.600,-16.0820,40.7971
33381,0.600,-15.8950,41.0152
33390,0.600,-15.7080,41.2334
33400,0.600,-15.5210,41.4516
33410,0.600,-15.3340,41.6697
33420,0.600,-15.1470,41.8879
33430,0.600,-14.9600,42.1061
33440,0.600,-14.7730,42.3242
33450,0.600,-14.5860,42.5424
33460,0.600,-14.3990,42.7606
33471,0.600,-14.0250,42.9787
33480,0.600,-14.0250,43.4151
33490,0.600,-13.6510,43.4151
33500,0.600,-13.4640,43.8514
33511,0.600,-13.2770,44.0696
33520,0.600,-13.0900,44.2877
33530,0.600,-12.9030,44.5059
33540,0.600,-12.5290,44.7241
33550,0.600,-12.3420,45.1604
33560,0.600,-12.1550,45.3786
33570,0.600,-11.9680,45.5967
33580,0.600,-11.7810,46.0331
33590,0.600,-11.4070,46.2512
33600,0.600,-11.2200,46.4694
33610,0.600,-11.0330,46.9057
33620,0.600,-10.6590,47.1239
33630,0.600,-10.4720,47.5602
33641,0.600,-10.2850,47.7784
33650,0.600,-10.0980,47.9966
33660,0.600,-9.7240,48.2147
33670,0.600,-9.5370,48.6511
33681,0.600,-9.3500,49.0874
33690,0.600,-8.9760,49.3056
33700,0.600,-8.7890,49.5237
33710,0.600,-8.4150,49.9601
33720,0.600,-8.2280,50.1782
33730,0.600,-8.0410,50.6145
33740,0.600,-7.6670,50.8327
33750,0.600,-7.4800,51.2691
33760,0.600,-7.2930,51.4872
33771,0.600,-6.9190,51.9235
33780,0.600,-6.5450,52.1417
33790,0.600,-6.3580,52.5780
33800,0.600,-6.1710,53.0144
33811,0.600,-5.7970,53.2325
33820,0.600,-5.6100,53.6689
33830,0.600,-5.2360,53.8870
33840,0.600,-5.0490,54.3234
33851,0.600,-4.6750,54.7597
33860,0.600,-4.3010,55.1960
33870,0.600,-4.1140,55.4142
33880,0.600,-3.7400,55.6324
33890,0.600,-3.5530,56.0687
33901,0.600,-3.1790,56.5050
33910,0.600,-2.8050,56.7232
33920,0.600,-2.6180,57.1595
33930,0.600,-2.4310,57.5959
33941,0.600,-2.0570,57.8140
33950,0.600,-1.6830,58.2504
33960,0.600,-1.4960,58.6867
33970,0.600,-1.1220,58.9049
33981,0.600,-0.9350,59.3412
33990,0.600,-0.5610,59.5594
34000,0.000,-0.1870,59.9957
34010,0.000,0.1870,60.4320
34021,0.000,0.3740,60.8684
34030,0.000,0.5610,61.0865
34040,0.000,0.9350,61.3047
34050,0.000,0.9350,61.5229
34060,0.000,1.3090,61.7410
34070,0.000,1.3090,61.9592
34080,0.000,1.6830,62.1774
34090,0.000,1.6830,62.3955
34100,0.000,1.8700,62.6137
34111,0.000,2.0570,62.6137
34120,0.000,2.0570,62.8319
34130,0.000,2.0570,63.0500
34140,0.000,2.2440,63.0500
34151,0.000,2.2440,63.0500
34160,0.000,2.4310,63.2682
34170,0.000,2.4310,63.2682
34180,0.000,2.4310,63.4864
34190,0.000,2.4310,63.4864
34200,0.000,2.4310,63.4864
34210,0.000,2.4310,63.4864
34220,0.000,2.4310,63.4864
34230,0.000,2.4310,63.4864
34240,0.000,2.4310,63.4864
34250,0.000,2.4310,63.4864
34260,0.000,2.4310,63.4864
34270,0.000,2.4310,63.4864
34281,0.000,2.4310,63.4864
34290,0.000,2.4310,63.4864
34300,0.000,2.4310,63.4864
34310,0.000,2.4310,63.4864
34321,0.000,2.4310,63.4864
34330,0.000,2.4310,63.4864
34340,0.000,2.4310,63.4864
34350,0.000,2.4310,63.4864
34360,0.000,2.4310,63.4864
34370,0.000,2.4310,63.4864
34380,0.000,2.4310,63.4864
34390,0.000,2.4310,63.4864
34400,0.000,2.4310,63.4864
34411,0.000,2.4310,63.4864
34420,0.000,2.4310,63.4864
34430,0.000,2.4310,63.4864
34440,0.000,2.4310,63.4864
34451,0.000,2.4310,63.4864
34460,0.000,2.4310,63.4864
34470,0.000,2.4310,63.4864
34480,0.000,2.4310,63.4864
34491,0.000,2.4310,63.4864
34500,0.000,2.4310,63.4864
34510,0.000,2.4310,63.4864
34520,0.000,2.4310,63.4864
34530,0.000,2.4310,63.4864
34540,0.000,2.4310,63.4864
34550,0.000,2.4310,63.4864
34560,0.000,2.4310,63.4864
34570,0.000,2.4310,63.4864
34581,0.000,2.4310,63.4864
34590,0.000,2.4310,63.4864
34600,0.000,2.4310,63.4864
34610,0.000,2.4310,63.4864
34621,0.000,2.4310,63.4864
34630,0.000,2.4310,63.4864
34640,0.000,2.4310,63.4864
34650,0.000,2.4310,63.4864
34661,0.000,2.4310,63.4864
34670,0.000,2.4310,63.4864
34680,0.000,2.4310,63.4864
34690,0.000,2.4310,63.4864
34700,0.000,2.4310,63.4864
34710,0.000,2.4310,63.4864
34720,0.000,2.4310,63.4864
34730,0.000,2.4310,63.4864
34740,0.000,2.4310,63.4864
34751,0.000,2.4310,63.4864
34760,0.000,2.4310,63.4864
34770,0.000,2.4310,63.4864
34780,0.000,2.4310,63.4864
34791,0.000,2.4310,63.4864
34800,0.000,2.4310,63.4864
34810,0.000,2.4310,63.4864
34820,0.000,2.4310,63.4864
34830,0.000,2.4310,63.4864
34840,0.000,2.4310,63.4864
34850,0.000,2.4310,63.4864
34860,0.000,2.4310,63.4864
34870,0.000,2.4310,63.4864
34881,0.000,2.4310,63.4864
34890,0.000,2.4310,63.4864
34900,0.000,2.4310,63.4864
34910,0.000,2.4310,63.4864
34921,0.000,2.4310,63.4864
34930,0.000,2.4310,63.4864
34940,0.000,2.4310,63.4864
34950,0.000,2.4310,63.4864
34961,0.000,2.4310,63.4864
34970,0.000,2.4310,63.4864
34980,0.000,2.4310,63.4864
34990,0.000,2.4310,63.4864
35000,0.600,2.4310,63.4864
35010,0.600,2.4310,63.4864
35020,0.600,2.4310,63.4864
35030,0.600,2.4310,63.4864
35040,0.600,2.4310,63.4864
35051,0.600,2.4310,63.4864
35060,0.600,2.4310,63.4864
35070,0.600,2.6180,63.7045
35080,0.600,2.6180,63.7045
35091,0.600,2.6180,63.7045
35100,0.600,2.8050,63.7045
35110,0.600,2.8050,63.9227
35120,0.600,2.8050,63.9227
35131,0.600,2.9920,63.9227
35140,0.600,2.9920,64.1408
35150,0.600,3.1790,64.1408
35160,0.600,3.1790,64.3590
35170,0.600,3.1790,64.3590
35181,0.600,3.3660,64.3590
35190,0.600,3.3660,64.3590
35200,0.600,3.5530,64.5772
35210,0.600,3.7400,64.7954
35221,0.600,3.7400,64.7954
35230,0.600,3.9270,65.0135
35240,0.600,3.9270,65.2317
35250,0.600,4.1140,65.2317
35261,0.600,4.3010,65.2317
35270,0.600,4.3010,65.6680
35280,0.600,4.4880,65.6680
35290,0.600,4.6750,65.8862
35301,0.600,4.8620,66.1044
35311,0.600,5.0490,66.1044
35320,0.600,5.0490,66.3225
35330,0.600,5.2360,66.5407
35340,0.600,5.4230,66.5407
35350,0.600,5.6100,66.9770
35360,0.600,5.7970,66.9770
35370,0.600,5.9840,67.1952
35380,0.600,6.1710,67.4133
35390,0.600,6.1710,67.6315
35400,0.600,6.5450,67.8497
35410,0.600,6.7320,68.0678
35420,0.600,6.9190,68.2860
35431,0.600,6.9190,68.5042
35440,0.600,7.2930,68.7223
35450,0.600,7.4800,68.9405
35460,0.600,7.6670,69.1587
35470,0.600,7.8540,69.3768
35481,0.600,8.0410,69.5950
35490,0.600,8.2280,69.8132
35500,0.600,8.4150,70.0313
35510,0.600,8.7890,70.2495
35520,0.600,8.9760,70.4677
35530,0.600,9.1630,70.9040
35540,0.600,9.3500,71.1222
35550,0.600,9.5370,71.3403
35561,0.600,9.9110,71.5585
35570,0.600,10.0980,71.7767
35580,0.600,10.2850,72.2130
35590,0.600,10.6590,72.4312
35601,0.600,10.6590,72.6493
35610,0.600,11.0330,73.0857
35620,0.600,11.4070,73.3038
35630,0.600,11.4070,73.5220
35640,0.600,11.7810,73.9583
35651,0.600,11.9680,74.1765
35660,0.600,12.1550,74.3947
35670,0.600,12.5290,74.8310
35680,0.600,12.9030,75.0492
35691,0.600,13.0900,75.2673
35700,0.600,13.2770,75.7037
35710,0.600,13.6510,75.9218
35720,0.600,13.8380,76.1400
35731,0.600,14.2120,76.5763
35740,0.600,14.3990,77.0127
35750,0.600,14.5860,77.2308
35760,0.600,14.9600,77.4490
35771,0.600,15.1470,77.8853
35781,0.600,15.5210,78.3217
35790,0.600,15.7080,78.5398
35800,0.600,15.8950,78.9762
35810,0.600,16.2690,79.1943
35821,0.600,16.6430,79.6306
35830,0.600,16.8300,79.8488
35840,0.600,17.2040,80.2852
35850,0.600,17.3910,80.5033
35861,0.600,17.7650,80.9396
35870,0.600,17.9520,81.3760
35880,0.600,18.1390,81.5941
35890,0.600,18.5130,82.0305
35901,0.600,18.8870,82.2486
35910,0.600,19.2610,82.6850
35920,0.600,19.6350,83.1213
35930,0.600,19.8220,83.3395
35941,0.600,20.0090,83.7758
35950,0.600,20.3830,83.9940
35960,0.600,20.7569,84.4303
35970,0.600,21.1310,84.8666
35980,0.600,21.3180,85.3030
35990,0.600,21.6920,85.7393
36000,0.000,21.8790,85.9575
36010,0.000,22.2529,86.1756
36020,0.000,22.6269,86.6120
36031,0.000,22.8139,87.0483
36040,0.000,23.0009,87.0483
36050,0.000,23.1879,87.4846
36060,0.000,23.3749,87.7028
36071,0.000,23.5619,87.9210
36080,0.000,23.7489,87.9210
36090,0.000,23.9359,88.3573
36100,0.000,23.9359,88.3573
36110,0.000,24.1229,88.5755
36120,0.000,24.1229,88.7936
36130,0.000,24.3099,88.7936
36140,0.000,24.3099,88.7936
36150,0.000,24.4969,89.0118
36160,0.000,24.4969,89.0118
36170,0.000,24.4969,89.2300
36180,0.000,24.6839,89.2300
36190,0.000,24.6839,89.2300
36201,0.000,24.6839,89.2300
36210,0.000,24.6839,89.4481
36220,0.000,24.6839,89.4481
36230,0.000,24.6839,89.4481
36241,0.000,24.6839,89.4481
36250,0.000,24.6839,89.4481
36260,0.000,24.6839,89.4481
36270,0.000,24.6839,89.4481
36280,0.000,24.6839,89.4481
36291,0.000,24.6839,89.4481
36300,0.000,24.6839,89.4481
36310,0.000,24.6839,89.4481
36320,0.000,24.6839,89.4481
36330,0.000,24.6839,89.4481
36340,0.000,24.6839,89.4481
36350,0.000,24.6839,89.4481
36360,0.000,24.6839,89.4481
36371,0.000,24.6839,89.4481
36380,0.000,24.6839,89.4481
36390,0.000,24.6839,89.4481
36400,0.000,24.6839,89.4481
36411,0.000,24.6839,89.4481
36420,0.000,24.6839,89.4481
36430,0.000,24.6839,89.4481
36440,0.000,24.6839,89.4481
36450,0.000,24.6839,89.4481
36461,0.000,24.6839,89.4481
36470,0.000,24.6839,89.4481
36480,0.000,24.6839,89.4481
36490,0.000,24.6839,89.4481
36501,0.000,24.6839,89.4481
36510,0.000,24.6839,89.4481
36520,0.000,24.6839,89.4481
36530,0.000,24.6839,89.4481
36541,0.000,24.6839,89.4481
36550,0.000,24.6839,89.4481
36560,0.000,24.6839,89.4481
36570,0.000,24.6839,89.4481
36581,0.000,24.6839,89.4481
36590,0.000,24.6839,89.4481
36600,0.000,24.6839,89.4481
36610,0.000,24.6839,89.4481
36620,0.000,24.6839,89.4481
36630,0.000,24.6839,89.4481
36640,0.000,24.6839,89.4481
36650,0.000,24.6839,89.4481
36660,0.000,24.6839,89.4481
36671,0.000,24.6839,89.4481
36680,0.000,24.6839,89.4481
36690,0.000,24.6839,89.4481
36700,0.000,24.6839,89.4481
36711,0.000,24.6839,89.4481
36720,0.000,24.6839,89.4481
36730,0.000,24.6839,89.4481
36740,0.000,24.6839,89.4481
36750,0.000,24.6839,89.4481
36760,0.000,24.6839,89.4481
36770,0.000,24.6839,89.4481
36780,0.000,24.6839,89.4481
36790,0.000,24.6839,89.4481
36800,0.000,24.6839,89.4481
36810,0.000,24.6839,89.4481
36820,0.000,24.6839,89.4481
36830,0.000,24.6839,89.4481
36841,0.000,24.6839,89.4481
36850,0.000,24.6839,89.4481
36860,0.000,24.6839,89.4481
36870,0.000,24.6839,89.4481
36881,0.000,24.6839,89.4481
36890,0.000,24.6839,89.4481
36900,0.000,24.6839,89.4481
36910,0.000,24.6839,89.4481
36920,0.000,24.6839,89.4481
36931,0.000,24.6839,89.4481
36940,0.000,24.6839,89.4481
36950,0.000,24.6839,89.4481
36960,0.000,24.6839,89.4481
36971,0.000,24.6839,89.4481
36980,0.000,24.6839,89.4481
36990,0.000,24.6839,89.4481
37000,0.600,24.6839,89.4481
37011,0.600,24.6839,89.4481
37020,0.600,24.6839,89.4481
37030,0.600,24.8709,89.4481
37040,0.600,24.8709,89.4481
37051,0.600,24.8709,89.4481
37060,0.600,24.8709,89.4481
37070,0.600,24.8709,89.4481
37080,0.600,24.8709,89.4481
37090,0.600,25.0579,89.6663
37100,0.600,25.0579,89.6663
37110,0.600,25.2449,89.6663
37120,0.600,25.2449,89.6663
37130,0.600,25.2449,89.6663
37141,0.600,25.4319,89.8845
37150,0.600,25.6189,89.8845
37160,0.600,25.6189,90.1026
37170,0.600,25.6189,90.1026
37181,0.600,25.8059,90.1026
37190,0.600,25.9929,90.3208
37200,0.600,25.9929,90.5390
37210,0.600,26.1799,90.5390
37221,0.600,26.3669,90.5390
37230,0.600,26.3669,90.7571
37240,0.600,26.5539,90.9753
37250,0.600,26.7409,90.9753
37260,0.600,26.9279,91.1934
37270,0.600,27.1149,91.4116
37280,0.600,27.1149,91.4116
37290,0.600,27.3019,91.6298
37300,0.600,27.4889,91.8479
37311,0.600,27.6759,91.8479
37320,0.600,27.8629,92.0661
37330,0.600,27.8629,92.2843
37340,0.600,28.0499,92.2843
37351,0.600,28.2369,92.5024
37360,0.600,28.6109,92.7206
37370,0.600,28.6109,92.9388
37380,0.600,28.7979,93.1569
37390,0.600,28.9849,93.3751
37400,0.600,29.3589,93.5933
37410,0.600,29.3589,93.8114
37420,0.600,29.5459,94.0296
37430,0.600,29.7329,94.0296
37441,0.600,30.1069,94.2478
37450,0.600,30.1069,94.4659
37460,0.600,30.4809,94.9023
37470,0.600,30.6679,94.9023
37481,0.600,30.8549,95.3386
37490,0.600,31.0419,95.5568
37500,0.600,31.4159,95.7749
37510,0.600,31.6029,95.9931
37521,0.600,31.7899,96.2113
37530,0.600,31.9769,96.6476
37540,0.600,32.1639,96.6476
37550,0.600,32.3509,97.0839
37560,0.600,32.7249,97.3021
37570,0.600,32.9119,97.5203
37580,0.600,33.0989,97.9566
37590,0.600,33.2859,98.1748
37600,0.600,33.6599,98.3929
37610,0.600,33.8469,98.8293
37620,0.600,34.0339,99.0474
37630,0.600,34.4079,99.2656
37640,0.600,34.5949,99.7019
37651,0.600,34.7819,99.9201
37660,0.600,35.1559,100.1383
37670,0.600,35.3429,100.3564
37680,0.600,35.5299,100.7928
37691,0.600,35.9039,101.0109
37701,0.600,36.0909,101.4473
37710,0.600,36.4649,101.6654
37720,0.600,36.6519,101.8836
37730,0.600,36.8389,102.3199
37741,0.600,37.2129,102.5381
37750,0.600,37.5869,102.9744
37760,0.600,37.7739,103.1926
37770,0.600,37.9609,103.6289
37780,0.600,38.3349,103.8471
37790,0.600,38.5219,104.2834
37800,0.600,38.8959,104.5016
37810,0.600,39.0829,104.9379
37821,0.600,39.4569,105.3743
37830,0.600,39.8309,105.5924
37840,0.600,40.0179,106.0288
37850,0.600,40.2049,106.2469
37861,0.600,40.5789,106.6833
37870,0.600,40.7659,107.1196
37880,0.600,41.1399,107.3378
37890,0.600,41.3269,107.5559
37900,0.600,41.7009,107.9923
37911,0.600,42.0749,108.4286
37920,0.600,42.2619,108.8649
37930,0.600,42.6359,109.0831
37940,0.600,42.8229,109.3013
37951,0.600,43.1969,109.7376
37960,0.600,43.3839,110.1739
37970,0.600,43.7579,110.6102
37980,0.600,44.1319,110.8284
37991,0.600,44.3189,111.2648
38000,0.000,44.6929,111.4829
38010,0.000,45.0669,111.9192
38020,0.000,45.2539,112.3556
38030,0.000,45.6279,112.5737
38040,0.000,45.8149,112.7919
38050,0.000,46.0019,113.0101
38060,0.000,46.1889,113.2282
38070,0.000,46.3759,113.4464
38081,0.000,46.5629,113.6646
38090,0.000,46.5629,113.8827
38100,0.000,46.7499,114.1009
38110,0.000,46.9369,114.1009
38121,0.000,46.9369,114.3191
38130,0.000,47.1239,114.3191
38140,0.000,47.1239,114.5372
38150,0.000,47.3109,114.5372
38161,0.000,47.3109,114.7554
38170,0.000,47.3109,114.7554
38180,0.000,47.3109,114.7554
38190,0.000,47.3109,114.9736
38200,0.000,47.3109,114.9736
38210,0.000,47.3109,114.9736
38220,0.000,47.4979,114.9736
38230,0.000,47.4979,114.9736
38240,0.000,47.4979,114.9736
38250,0.000,47.4979,114.9736
38260,0.000,47.4979,114.9736
38270,0.000,47.4979,114.9736
38280,0.000,47.4979,114.9736
38291,0.000,47.4979,114.9736
38300,0.000,47.4979,114.9736
38310,0.000,47.4979,114.9736
38320,0.000,47.4979,114.9736
38331,0.000,47.4979,114.9736
38340,0.000,47.4979,114.9736
38350,0.000,47.4979,114.9736
38360,0.000,47.4979,114.9736
38370,0.000,47.4979,114.9736
38381,0.000,47.4979,114.9736
38390,0.000,47.4979,114.9736
38400,0.000,47.4979,114.9736
38410,0.000,47.4979,114.9736
38421,0.000,47.4979,114.9736
38430,0.000,47.4979,114.9736
38440,0.000,47.4979,114.9736
38450,0.000,47.4979,114.9736
38461,0.000,47.4979,114.9736
38470,0.000,47.4979,114.9736
38480,0.000,47.4979,114.9736
38490,0.000,47.4979,114.9736
38501,0.000,47.4979,114.9736
38510,0.000,47.4979,114.9736
38520,0.000,47.4979,114.9736
38530,0.000,47.4979,114.9736
38540,0.000,47.4979,114.9736
38551,0.000,47.4979,114.9736
38560,0.000,47.4979,114.9736
38570,0.000,47.4979,114.9736
38580,0.000,47.4979,114.9736
38591,0.000,47.4979,114.9736
38600,0.000,47.4979,114.9736
38610,0.000,47.4979,114.9736
38620,0.000,47.4979,114.9736
38631,0.000,47.4979,114.9736
38640,0.000,47.4979,114.9736
38650,0.000,47.4979,114.9736
38660,0.000,47.4979,114.9736
38670,0.000,47.4979,114.9736
38680,0.000,47.4979,114.9736
38690,0.000,47.4979,114.9736
38700,0.000,47.4979,114.9736
38710,0.000,47.4979,114.9736
38720,0.000,47.4979,114.9736
38730,0.000,47.4979,114.9736
38740,0.000,47.4979,114.9736
38750,0.000,47.4979,114.9736
38761,0.000,47.4979,114.9736
38770,0.000,47.4979,114.9736
38780,0.000,47.4979,114.9736
38790,0.000,47.4979,114.9736
38801,0.000,47.4979,114.9736
38810,0.000,47.4979,114.9736
38820,0.000,47.4979,114.9736
38830,0.000,47.4979,114.9736
38840,0.000,47.4979,114.9736
38850,0.000,47.4979,114.9736
38860,0.000,47.4979,114.9736
38870,0.000,47.4979,114.9736
38880,0.000,47.4979,114.9736
38891,0.000,47.4979,114.9736
38900,0.000,47.4979,114.9736
38910,0.000,47.4979,114.9736
38920,0.000,47.4979,114.9736
38931,0.000,47.4979,114.9736
38940,0.000,47.4979,114.9736
38950,0.000,47.4979,114.9736
38960,0.000,47.4979,114.9736
38971,0.000,47.4979,114.9736
38980,0.000,47.4979,114.9736
38990,0.000,47.4979,114.9736
# END
